order_number,external_order_number,created,status,order_item_id,variant_title,color,imported_design,image
RK-78695-26869,577105681996484969,15/09/2025,delivered,68c77dffa2fdac0903601f0e,Comfort Color 1717 / SEAFOAM / M,SEAFOAM,https://drive.google.com/uc?id=1_02PLJ64jFkfjrujVsoSGIhiDMUZ3LEQ&export=download,
RX-88623-86832,577105686710031239,15/09/2025,shipping,68c7807fa2fdac411760225d,Comfort Color 1717 / SEAFOAM / M,SEAFOAM,https://drive.google.com/uc?id=1_02PLJ64jFkfjrujVsoSGIhiDMUZ3LEQ&export=download,
RW-22739-67326,577105800050544739,15/09/2025,delivered,68c7834f8b536bcd93ee8d8f,Comfort Color 1717 / SEAFOAM / XL,SEAFOAM,https://drive.google.com/uc?id=1_02PLJ64jFkfjrujVsoSGIhiDMUZ3LEQ&export=download,
RG-23884-46443,577105798439342174,15/09/2025,delivered,68c78359e69837cd7f0e8664,Comfort Color 1717 / SEAFOAM / XL,SEAFOAM,https://drive.google.com/uc?id=1_02PLJ64jFkfjrujVsoSGIhiDMUZ3LEQ&export=download,
RJ-38434-39588,577105840344830193,15/09/2025,delivered,68c78522a2fdac229e603986,Comfort Color 1717 / SEAFOAM / L,SEAFOAM,https://drive.google.com/uc?id=1_02PLJ64jFkfjrujVsoSGIhiDMUZ3LEQ&export=download,
RR-93937-63953,577105891782726477,15/09/2025,shipping,68c798cf5780283b05df82d5,Comfort Color 1717 / SEAFOAM / XL,SEAFOAM,https://drive.google.com/uc?id=1_02PLJ64jFkfjrujVsoSGIhiDMUZ3LEQ&export=download,
RW-96447-44955,577105960938213760,15/09/2025,delivered,68c7b816fdf9777f28832226,Comfort Color 1717 / SEAFOAM / L,SEAFOAM,https://drive.google.com/uc?id=1_02PLJ64jFkfjrujVsoSGIhiDMUZ3LEQ&export=download,
RV-43959-92622,577105992763479031,15/09/2025,delivered,68c7ba72fdf97786ca83292e,Comfort Color 1717 / SEAFOAM / 3XL,SEAFOAM,https://drive.google.com/uc?id=1_02PLJ64jFkfjrujVsoSGIhiDMUZ3LEQ&export=download,
RN-44966-48253,577106049453690933,15/09/2025,shipping,68c7bbb39d299199098ab042,Comfort Color 1717 / SEAFOAM / 2XL,SEAFOAM,https://drive.google.com/uc?id=1_02PLJ64jFkfjrujVsoSGIhiDMUZ3LEQ&export=download,
RJ-68456-48779,577106252160865054,15/09/2025,shipping,68c7c8e7e6983722cb0f08dc,Comfort Color 1717 / SEAFOAM / L,SEAFOAM,https://drive.google.com/uc?id=1_02PLJ64jFkfjrujVsoSGIhiDMUZ3LEQ&export=download,
RE-25238-89839,577106270509568536,15/09/2025,delivered,68c7c9839d29912de58acfb4,Comfort Color 1717 / SEAFOAM / XL,SEAFOAM,https://drive.google.com/uc?id=1_02PLJ64jFkfjrujVsoSGIhiDMUZ3LEQ&export=download,
RQ-23264-96222,577106276480357078,15/09/2025,delivered,68c7ca6ffdf9770b67834922,Comfort Color 1717 / SEAFOAM / M,SEAFOAM,https://drive.google.com/uc?id=1_02PLJ64jFkfjrujVsoSGIhiDMUZ3LEQ&export=download,
RJ-55233-37746,577106358248575688,15/09/2025,delivered,68c7cf88a2fdaca74660caf9,Comfort Color 1717 / SEAFOAM / S,SEAFOAM,https://drive.google.com/uc?id=1_02PLJ64jFkfjrujVsoSGIhiDMUZ3LEQ&export=download,
RX-83486-46788,577106493576680388,15/09/2025,delivered,68c7d668fdf977cbf883655f,Comfort Color 1717 / SEAFOAM / XL,SEAFOAM,https://drive.google.com/uc?id=1_02PLJ64jFkfjrujVsoSGIhiDMUZ3LEQ&export=download,
RK-85234-37849,577106567311037162,15/09/2025,delivered,68c7db69e698377b560f320f,Comfort Color 1717 / SEAFOAM / S,SEAFOAM,https://drive.google.com/uc?id=1_02PLJ64jFkfjrujVsoSGIhiDMUZ3LEQ&export=download,
RQ-63543-87786,577106606091702712,15/09/2025,delivered,68c7e15ea2fdac3d8860f1cf,Comfort Color 1717 / SEAFOAM / L,SEAFOAM,https://drive.google.com/uc?id=1_02PLJ64jFkfjrujVsoSGIhiDMUZ3LEQ&export=download,
RZ-74963-38976,577106888715113469,16/09/2025,shipping,68c8d27ca2fdac88d761fc3a,Comfort Color 1717 / MOSS / M,MOSS,https://drive.google.com/uc?id=1_02PLJ64jFkfjrujVsoSGIhiDMUZ3LEQ&export=download,
RZ-63356-75596,577106930008887979,16/09/2025,shipping,68c8d61cc733822456f0f3e7,Comfort Color 1717 / SEAFOAM / M,SEAFOAM,https://drive.google.com/uc?id=1_02PLJ64jFkfjrujVsoSGIhiDMUZ3LEQ&export=download,
RM-63256-84943,577107015610962619,16/09/2025,delivered,68c8d895fdf97758dc848bfc,Comfort Color 1717 / SEAFOAM / 3XL,SEAFOAM,https://drive.google.com/uc?id=1_02PLJ64jFkfjrujVsoSGIhiDMUZ3LEQ&export=download,
RR-43784-67464,577107258811060815,16/09/2025,shipping,68c90c88fdf9777d6984da8c,Comfort Color 1717 / VIOLET / S,VIOLET,https://drive.google.com/uc?id=1_02PLJ64jFkfjrujVsoSGIhiDMUZ3LEQ&export=download,
RR-43784-67464,577107258811060815,16/09/2025,shipping,68c90c88fdf977077384da8e,Comfort Color 1717 / VIOLET / M,VIOLET,https://drive.google.com/uc?id=1_02PLJ64jFkfjrujVsoSGIhiDMUZ3LEQ&export=download,
RJ-53596-78466,577107270330913330,16/09/2025,delivered,68c90d2f0f8c65a8a521c8d0,Comfort Color 1717 / SEAFOAM / S,SEAFOAM,https://drive.google.com/uc?id=1_02PLJ64jFkfjrujVsoSGIhiDMUZ3LEQ&export=download,
RQ-67935-98589,577107293708324921,16/09/2025,delivered,68c90ec8a2fdac897f625bcd,Comfort Color 1717 / SEAFOAM / M,SEAFOAM,https://drive.google.com/uc?id=1_02PLJ64jFkfjrujVsoSGIhiDMUZ3LEQ&export=download,
RQ-85724-87527,577107362764329590,16/09/2025,shipping,68c91184fdf977673784e067,Comfort Color 1717 / SEAFOAM / S,SEAFOAM,https://drive.google.com/uc?id=1_02PLJ64jFkfjrujVsoSGIhiDMUZ3LEQ&export=download,
RN-86274-38826,577107403865887020,16/09/2025,delivered,68c91341e69837fbc210a820,Comfort Color 1717 / SEAFOAM / M,SEAFOAM,https://drive.google.com/uc?id=1_02PLJ64jFkfjrujVsoSGIhiDMUZ3LEQ&export=download,
RD-82837-79866,577107462546690379,16/09/2025,delivered,68c91613fdf97728ba84e6bc,Comfort Color 1717 / SEAFOAM / M,SEAFOAM,https://drive.google.com/uc?id=1_02PLJ64jFkfjrujVsoSGIhiDMUZ3LEQ&export=download,
RD-73453-69583,577107488898846850,16/09/2025,shipping,68c91891a2fdac7bb2626824,Comfort Color 1717 / SEAFOAM / M,SEAFOAM,https://drive.google.com/uc?id=1_02PLJ64jFkfjrujVsoSGIhiDMUZ3LEQ&export=download,
RM-35979-96547,577107545378493175,16/09/2025,shipping,68c91a15fdf977062384edc4,Comfort Color 1717 / SEAFOAM / XL,SEAFOAM,https://drive.google.com/uc?id=1_02PLJ64jFkfjrujVsoSGIhiDMUZ3LEQ&export=download,
RM-75275-67659,577107562213511456,16/09/2025,delivered,68c91a4ce69837bac910b2ca,Comfort Color 1717 / SEAFOAM / 2XL,SEAFOAM,https://drive.google.com/uc?id=1_02PLJ64jFkfjrujVsoSGIhiDMUZ3LEQ&export=download,
RY-46382-39532,577107579735675633,16/09/2025,delivered,68c91b71e698373a3c10b496,Comfort Color 1717 / SEAFOAM / M,SEAFOAM,https://drive.google.com/uc?id=1_02PLJ64jFkfjrujVsoSGIhiDMUZ3LEQ&export=download,
RK-27485-69228,577107585442418758,16/09/2025,delivered,68c91baca2fdac2e1f626d09,Comfort Color 1717 / SEAFOAM / L,SEAFOAM,https://drive.google.com/uc?id=1_02PLJ64jFkfjrujVsoSGIhiDMUZ3LEQ&export=download,
RE-33534-46848,577107670226604568,16/09/2025,delivered,68c91e9ffdf977582384f5d6,Comfort Color 1717 / SEAFOAM / M,SEAFOAM,https://drive.google.com/uc?id=1_02PLJ64jFkfjrujVsoSGIhiDMUZ3LEQ&export=download,
RD-75644-47683,577107910658658392,17/09/2025,shipping,68ca287d24f973b7cceae88a,Comfort Color 1717 / IVORY / L,IVORY,https://drive.google.com/uc?id=1_02PLJ64jFkfjrujVsoSGIhiDMUZ3LEQ&export=download,
RD-75644-47683,577107910658658392,17/09/2025,shipping,68ca287d24f973ee1beae88d,Comfort Color 1717 / IVORY / XL,IVORY,https://drive.google.com/uc?id=1_02PLJ64jFkfjrujVsoSGIhiDMUZ3LEQ&export=download,
RD-75644-47683,577107910658658392,17/09/2025,shipping,68ca287d24f9737b28eae88f,Comfort Color 1717 / IVORY / M,IVORY,https://drive.google.com/uc?id=1_02PLJ64jFkfjrujVsoSGIhiDMUZ3LEQ&export=download,
RM-89888-63558,577108202802483477,17/09/2025,shipping,68ca3223a7eba8d6454fde67,Comfort Color 1717 / SEAFOAM / 3XL,SEAFOAM,https://drive.google.com/uc?id=1_02PLJ64jFkfjrujVsoSGIhiDMUZ3LEQ&export=download,
RM-69645-72686,577108242434986826,17/09/2025,shipping,68ca389024f973345ceaff87,Comfort Color 1717 / SEAFOAM / M,SEAFOAM,https://drive.google.com/uc?id=1_02PLJ64jFkfjrujVsoSGIhiDMUZ3LEQ&export=download,
RG-34427-55768,577108329158643918,17/09/2025,shipping,68ca5c8b7dc6938fad9d9301,Comfort Color 1717 / SEAFOAM / XL,SEAFOAM,https://drive.google.com/uc?id=1_02PLJ64jFkfjrujVsoSGIhiDMUZ3LEQ&export=download,
RM-86649-76965,577108364812456520,17/09/2025,shipping,68ca5f7aa2fdac6644641889,Comfort Color 1717 / SEAFOAM / M,SEAFOAM,https://drive.google.com/uc?id=1_02PLJ64jFkfjrujVsoSGIhiDMUZ3LEQ&export=download,
RN-89894-77452,577108392227934609,17/09/2025,shipping,68ca60dbe10fc29c32a75d19,Comfort Color 1717 / SEAFOAM / M,SEAFOAM,https://drive.google.com/uc?id=1_02PLJ64jFkfjrujVsoSGIhiDMUZ3LEQ&export=download,
RB-38982-44798,577108417075646903,17/09/2025,shipping,68ca62a008e901d25c9b5390,Comfort Color 1717 / SEAFOAM / M,SEAFOAM,https://drive.google.com/uc?id=1_02PLJ64jFkfjrujVsoSGIhiDMUZ3LEQ&export=download,
RE-32664-39778,577108513227510663,17/09/2025,shipping,68ca6467e10fc2c80ea7621a,Comfort Color 1717 / SEAFOAM / 2XL,SEAFOAM,https://drive.google.com/uc?id=1_02PLJ64jFkfjrujVsoSGIhiDMUZ3LEQ&export=download,
RQ-55976-35966,577108628804768677,17/09/2025,shipping,68ca7a90d1d580ff330b40d6,Comfort Color 1717 / SEAFOAM / M,SEAFOAM,https://drive.google.com/uc?id=1_02PLJ64jFkfjrujVsoSGIhiDMUZ3LEQ&export=download,
RX-44677-28433,577108644962734340,17/09/2025,shipping,68ca7c1b08e9013ab89b77b8,Comfort Color 1717 / SEAFOAM / S,SEAFOAM,https://drive.google.com/uc?id=1_02PLJ64jFkfjrujVsoSGIhiDMUZ3LEQ&export=download,
RA-49696-36255,577108652205052782,17/09/2025,delivered,68ca7c837c5f0348ebac72db,Comfort Color 1717 / SEAFOAM / 3XL,SEAFOAM,https://drive.google.com/uc?id=1_02PLJ64jFkfjrujVsoSGIhiDMUZ3LEQ&export=download,
RN-24439-75362,577108755044733821,17/09/2025,delivered,68ca83037c5f035f20ac7acf,Comfort Color 1717 / SEAFOAM / M,SEAFOAM,https://drive.google.com/uc?id=1_02PLJ64jFkfjrujVsoSGIhiDMUZ3LEQ&export=download,
RN-24439-75362,577108755044733821,17/09/2025,delivered,68ca83037c5f031897ac7ad1,Comfort Color 1717 / SEAFOAM / XL,SEAFOAM,https://drive.google.com/uc?id=1_02PLJ64jFkfjrujVsoSGIhiDMUZ3LEQ&export=download,
RE-74796-26356,577108844373906217,17/09/2025,shipping,68ca84c3d1d58086880b50fc,Comfort Color 1717 / SEAFOAM / L,SEAFOAM,https://drive.google.com/uc?id=1_02PLJ64jFkfjrujVsoSGIhiDMUZ3LEQ&export=download,
RE-74796-26356,577108844373906217,17/09/2025,shipping,68ca84c3d1d580c2860b50ff,Comfort Color 1717 / SEAFOAM / 2XL,SEAFOAM,https://drive.google.com/uc?id=1_02PLJ64jFkfjrujVsoSGIhiDMUZ3LEQ&export=download,
RD-82778-95753,577108953878073795,18/09/2025,shipping,68cb6d500d43da00c32c2cf5,Comfort Color 1717 / SEAFOAM / 2XL,SEAFOAM,https://drive.google.com/uc?id=1_02PLJ64jFkfjrujVsoSGIhiDMUZ3LEQ&export=download,
RX-35276-89387,577108976252653962,18/09/2025,shipping,68cb6ec982ac1958d4ea5fd7,Comfort Color 1717 / SEAFOAM / L,SEAFOAM,https://drive.google.com/uc?id=1_02PLJ64jFkfjrujVsoSGIhiDMUZ3LEQ&export=download,
RE-74376-89445,577109631036461646,18/09/2025,shipping,68cb8bcbedfb7323da90423f,Comfort Color 1717 / BAY / L,BAY,https://drive.google.com/file/d/1k8kVzeraS0vFmJj4PL6DI_RNNHJBIRuH/view,
RQ-38986-39435,577109531234373790,18/09/2025,shipping,68cbafa852a69e7ec3d12684,Comfort Color 1717 / SEAFOAM / M,SEAFOAM,https://drive.google.com/uc?id=1_02PLJ64jFkfjrujVsoSGIhiDMUZ3LEQ&export=download,
RK-47984-67322,577109691483263808,18/09/2025,shipping,68cbb4a552a69e52f0d12eb4,Comfort Color 1717 / SEAFOAM / L,SEAFOAM,https://drive.google.com/uc?id=1_02PLJ64jFkfjrujVsoSGIhiDMUZ3LEQ&export=download,
RJ-24963-68875,577109708774740255,18/09/2025,shipping,68cbb55f118b4d6c9cb7f33c,Comfort Color 1717 / SEAFOAM / XL,SEAFOAM,https://drive.google.com/uc?id=1_02PLJ64jFkfjrujVsoSGIhiDMUZ3LEQ&export=download,
RK-38437-75246,577109714646766062,18/09/2025,shipping,68cbb59a0d43da74612c9241,Comfort Color 1717 / SEAFOAM / M,SEAFOAM,https://drive.google.com/uc?id=1_02PLJ64jFkfjrujVsoSGIhiDMUZ3LEQ&export=download,
RQ-44364-87299,577109766666621489,18/09/2025,shipping,68cbb7610d43da86122c94bc,Comfort Color 1717 / MOSS / L,MOSS,https://drive.google.com/uc?id=1_02PLJ64jFkfjrujVsoSGIhiDMUZ3LEQ&export=download,
RV-86295-98736,577109792621432846,18/09/2025,shipping,68cbb85b0d43da0cc82c9617,Comfort Color 1717 / SEAFOAM / L,SEAFOAM,https://drive.google.com/uc?id=1_02PLJ64jFkfjrujVsoSGIhiDMUZ3LEQ&export=download,
RE-35292-85677,577109799465947586,18/09/2025,shipping,68cbb9dd08e90129fc9d37a1,Comfort Color 1717 / SEAFOAM / L,SEAFOAM,https://drive.google.com/uc?id=1_02PLJ64jFkfjrujVsoSGIhiDMUZ3LEQ&export=download,
RY-34227-27859,577109864146178420,18/09/2025,shipping,68cbbe330d43da70d22c9d31,Comfort Color 1717 / SEAFOAM / XL,SEAFOAM,https://drive.google.com/uc?id=1_02PLJ64jFkfjrujVsoSGIhiDMUZ3LEQ&export=download,
RW-62588-25395,577109883527860828,18/09/2025,shipping,68cbbfb70d43da851b2c9efc,Comfort Color 1717 / SEAFOAM / L,SEAFOAM,https://drive.google.com/uc?id=1_02PLJ64jFkfjrujVsoSGIhiDMUZ3LEQ&export=download,
RW-62588-25395,577109883527860828,18/09/2025,shipping,68cbbfb70d43dad29d2c9efe,Comfort Color 1717 / SEAFOAM / 3XL,SEAFOAM,https://drive.google.com/uc?id=1_02PLJ64jFkfjrujVsoSGIhiDMUZ3LEQ&export=download,
RW-99456-95772,577109743443546730,18/09/2025,shipping,68cbca7c0d43da70022cad76,Comfort Color 1717 / SEAFOAM / S,SEAFOAM,https://drive.google.com/uc?id=1_02PLJ64jFkfjrujVsoSGIhiDMUZ3LEQ&export=download,
RM-58962-92439,577110858368521177,19/09/2025,shipping,68ccb8e221b7de9be49b8e31,Comfort Color 1717 / SEAFOAM / L,SEAFOAM,https://drive.google.com/uc?id=1_02PLJ64jFkfjrujVsoSGIhiDMUZ3LEQ&export=download,
RY-48876-66639,577110865421046529,19/09/2025,shipping,68ccb8e221b7de5b2c9b8e4d,Comfort Color 1717 / SEAFOAM / M,SEAFOAM,https://drive.google.com/uc?id=1_02PLJ64jFkfjrujVsoSGIhiDMUZ3LEQ&export=download,
RY-48876-66639,577110865421046529,19/09/2025,shipping,68ccb8e221b7de21b99b8e4f,Comfort Color 1717 / SEAFOAM / L,SEAFOAM,https://drive.google.com/uc?id=1_02PLJ64jFkfjrujVsoSGIhiDMUZ3LEQ&export=download,
RR-83655-37976,577110867048567265,19/09/2025,shipping,68ccb8eb0d43da19382e0cae,Comfort Color 1717 / SEAFOAM / M,SEAFOAM,https://drive.google.com/uc?id=1_02PLJ64jFkfjrujVsoSGIhiDMUZ3LEQ&export=download,
RV-96575-93267,577110863411319007,19/09/2025,shipping,68ccb8ed0d43da7c872e0cc8,Comfort Color 1717 / SEAFOAM / 2XL,SEAFOAM,https://drive.google.com/uc?id=1_02PLJ64jFkfjrujVsoSGIhiDMUZ3LEQ&export=download,
RR-74294-28925,577110867307893719,19/09/2025,shipping,68ccb8f00d43da6d822e0cfd,Comfort Color 1717 / SEAFOAM / L,SEAFOAM,https://drive.google.com/uc?id=1_02PLJ64jFkfjrujVsoSGIhiDMUZ3LEQ&export=download,
RE-94492-74259,577110837318750574,19/09/2025,shipping,68ccb8fa08e90157e29ea8d2,Comfort Color 1717 / SEAFOAM / M,SEAFOAM,https://drive.google.com/uc?id=1_02PLJ64jFkfjrujVsoSGIhiDMUZ3LEQ&export=download,
RG-43932-82773,577110865067544945,19/09/2025,shipping,68ccb8fb08e90106219ea8ef,Comfort Color 1717 / SEAFOAM / S,SEAFOAM,https://drive.google.com/uc?id=1_02PLJ64jFkfjrujVsoSGIhiDMUZ3LEQ&export=download,
RD-42722-97685,577110802752114890,19/09/2025,shipping,68ccb8fc08e9016afc9ea909,Comfort Color 1717 / SEAFOAM / 2XL,SEAFOAM,https://drive.google.com/uc?id=1_02PLJ64jFkfjrujVsoSGIhiDMUZ3LEQ&export=download,
RX-48299-25727,577110838508097655,19/09/2025,shipping,68ccb8fd21b7de497c9b8ea6,Comfort Color 1717 / SEAFOAM / S,SEAFOAM,https://drive.google.com/uc?id=1_02PLJ64jFkfjrujVsoSGIhiDMUZ3LEQ&export=download,
RM-47875-35438,577110822124818904,19/09/2025,shipping,68ccb90021b7debd429b8ec2,Comfort Color 1717 / SEAFOAM / M,SEAFOAM,https://drive.google.com/uc?id=1_02PLJ64jFkfjrujVsoSGIhiDMUZ3LEQ&export=download,
RX-22748-58757,577110829511775106,19/09/2025,shipping,68ccb90af94d2f0fd6454aad,Comfort Color 1717 / SEAFOAM / M,SEAFOAM,https://drive.google.com/uc?id=1_02PLJ64jFkfjrujVsoSGIhiDMUZ3LEQ&export=download,
RP-43776-83829,577110824624689614,19/09/2025,shipping,68ccb90b0d43da2e7e2e0d56,Comfort Color 1717 / SEAFOAM / XL,SEAFOAM,https://drive.google.com/uc?id=1_02PLJ64jFkfjrujVsoSGIhiDMUZ3LEQ&export=download,
RW-47379-68554,577110848805638537,19/09/2025,shipping,68ccb90bf94d2fd702454ae1,Comfort Color 1717 / SEAFOAM / XL,SEAFOAM,https://drive.google.com/uc?id=1_02PLJ64jFkfjrujVsoSGIhiDMUZ3LEQ&export=download,
RX-55258-49826,577110801845097103,19/09/2025,shipping,68ccb90e0d43da4e162e0d72,Comfort Color 1717 / SEAFOAM / 2XL,SEAFOAM,https://drive.google.com/uc?id=1_02PLJ64jFkfjrujVsoSGIhiDMUZ3LEQ&export=download,
RD-43273-54666,577110812944405331,19/09/2025,shipping,68ccb90e0d43dae4ed2e0d95,Comfort Color 1717 / SEAFOAM / S,SEAFOAM,https://drive.google.com/uc?id=1_02PLJ64jFkfjrujVsoSGIhiDMUZ3LEQ&export=download,
RD-43273-54666,577110812944405331,19/09/2025,shipping,68ccb90e0d43da6e702e0d97,Comfort Color 1717 / SEAFOAM / L,SEAFOAM,https://drive.google.com/uc?id=1_02PLJ64jFkfjrujVsoSGIhiDMUZ3LEQ&export=download,
RB-88796-72559,577110845688287267,19/09/2025,shipping,68ccb91e08e9015c399ea96e,Comfort Color 1717 / BAY / M,BAY,https://drive.google.com/file/d/1k8kVzeraS0vFmJj4PL6DI_RNNHJBIRuH/view,
RQ-55469-26934,577110752786878685,19/09/2025,shipping,68ccb92021b7de6a719b8f3d,Comfort Color 1717 / SEAFOAM / L,SEAFOAM,https://drive.google.com/uc?id=1_02PLJ64jFkfjrujVsoSGIhiDMUZ3LEQ&export=download,
RP-88827-92482,577110618425234135,19/09/2025,shipping,68ccb92221b7de94929b8f59,Comfort Color 1717 / SEAFOAM / L,SEAFOAM,https://drive.google.com/uc?id=1_02PLJ64jFkfjrujVsoSGIhiDMUZ3LEQ&export=download,
RD-32827-68223,577110829987107559,19/09/2025,shipping,68ccb92408e9013cf09ea9b9,Comfort Color 1717 / SEAFOAM / M,SEAFOAM,https://drive.google.com/uc?id=1_02PLJ64jFkfjrujVsoSGIhiDMUZ3LEQ&export=download,
RV-24727-88946,577110758856036452,19/09/2025,shipping,68ccb92521b7de23e49b8f88,Comfort Color 1717 / SEAFOAM / XL,SEAFOAM,https://drive.google.com/uc?id=1_02PLJ64jFkfjrujVsoSGIhiDMUZ3LEQ&export=download,
RN-54358-67485,577110731910452112,19/09/2025,shipping,68ccb92c0d43da15472e0df0,Comfort Color 1717 / SEAFOAM / M,SEAFOAM,https://drive.google.com/uc?id=1_02PLJ64jFkfjrujVsoSGIhiDMUZ3LEQ&export=download,
RA-89754-57964,577110698785936261,19/09/2025,shipping,68ccb9310d43daa0f42e0e13,Comfort Color 1717 / SEAFOAM / M,SEAFOAM,https://drive.google.com/uc?id=1_02PLJ64jFkfjrujVsoSGIhiDMUZ3LEQ&export=download,
RB-82752-79238,577110580238913780,19/09/2025,shipping,68ccb9310d43da4f722e0e37,Comfort Color 1717 / SEAFOAM / XL,SEAFOAM,https://drive.google.com/uc?id=1_02PLJ64jFkfjrujVsoSGIhiDMUZ3LEQ&export=download,
RK-48744-48299,577110694962107219,19/09/2025,shipping,68ccb932f94d2f8163454b52,Comfort Color 1717 / SEAFOAM / L,SEAFOAM,https://drive.google.com/uc?id=1_02PLJ64jFkfjrujVsoSGIhiDMUZ3LEQ&export=download,
RZ-85824-53259,577110710245560322,19/09/2025,shipping,68ccb932f94d2fc771454b6b,Comfort Color 1717 / SEAFOAM / 3XL,SEAFOAM,https://drive.google.com/uc?id=1_02PLJ64jFkfjrujVsoSGIhiDMUZ3LEQ&export=download,
RD-69529-28265,577110774631272821,19/09/2025,shipping,68ccb933f94d2f667f454b8e,Comfort Color 1717 / SEAFOAM / XL,SEAFOAM,https://drive.google.com/uc?id=1_02PLJ64jFkfjrujVsoSGIhiDMUZ3LEQ&export=download,
RE-68384-87857,577110498695287135,19/09/2025,shipping,68ccb94121b7dea9559b8fd0,Comfort Color 1717 / SEAFOAM / S,SEAFOAM,https://drive.google.com/uc?id=1_02PLJ64jFkfjrujVsoSGIhiDMUZ3LEQ&export=download,
RX-79296-93884,577110587716178883,19/09/2025,shipping,68ccb94208e90171209eaa03,Comfort Color 1717 / SEAFOAM / M,SEAFOAM,https://drive.google.com/uc?id=1_02PLJ64jFkfjrujVsoSGIhiDMUZ3LEQ&export=download,
RW-75599-33845,577110779014910364,19/09/2025,shipping,68ccb94321b7de67cf9b8fec,Comfort Color 1717 / SEAFOAM / M,SEAFOAM,https://drive.google.com/uc?id=1_02PLJ64jFkfjrujVsoSGIhiDMUZ3LEQ&export=download,
RJ-97383-34495,577110697007484941,19/09/2025,shipping,68ccb94421b7de65d29b9006,Comfort Color 1717 / SEAFOAM / S,SEAFOAM,https://drive.google.com/uc?id=1_02PLJ64jFkfjrujVsoSGIhiDMUZ3LEQ&export=download,
RR-44737-65379,577110778812076963,19/09/2025,shipping,68ccb94908e90190199eaa37,Comfort Color 1717 / SEAFOAM / XL,SEAFOAM,https://drive.google.com/uc?id=1_02PLJ64jFkfjrujVsoSGIhiDMUZ3LEQ&export=download,
RA-67746-35324,577110602291253261,19/09/2025,shipping,68ccb94a08e9012c219eaa53,Comfort Color 1717 / SEAFOAM / L,SEAFOAM,https://drive.google.com/uc?id=1_02PLJ64jFkfjrujVsoSGIhiDMUZ3LEQ&export=download,
RV-92952-47543,577110734862061651,19/09/2025,shipping,68ccb9510d43da0cb62e0e83,Comfort Color 1717 / SEAFOAM / L,SEAFOAM,https://drive.google.com/uc?id=1_02PLJ64jFkfjrujVsoSGIhiDMUZ3LEQ&export=download,
RE-55952-57784,577110621310587483,19/09/2025,shipping,68ccb9530d43da625c2e0e9f,Comfort Color 1717 / SEAFOAM / M,SEAFOAM,https://drive.google.com/uc?id=1_02PLJ64jFkfjrujVsoSGIhiDMUZ3LEQ&export=download,
RD-93682-57545,577110738370270025,19/09/2025,shipping,68ccb9530d43dab4fb2e0eb8,Comfort Color 1717 / SEAFOAM / M,SEAFOAM,https://drive.google.com/uc?id=1_02PLJ64jFkfjrujVsoSGIhiDMUZ3LEQ&export=download,
RV-33664-25896,577110692618539694,19/09/2025,shipping,68ccb956f94d2f1066454bf7,Comfort Color 1717 / SEAFOAM / L,SEAFOAM,https://drive.google.com/uc?id=1_02PLJ64jFkfjrujVsoSGIhiDMUZ3LEQ&export=download,
RG-44268-92648,577110259088724050,19/09/2025,shipping,68ccb956f94d2f6552454c23,Comfort Color 1717 / SEAFOAM / M,SEAFOAM,https://drive.google.com/uc?id=1_02PLJ64jFkfjrujVsoSGIhiDMUZ3LEQ&export=download,
RK-75339-29735,577110145182503049,19/09/2025,shipping,68ccb96221b7de25d99b9068,Comfort Color 1717 / SEAFOAM / 2XL,SEAFOAM,https://drive.google.com/uc?id=1_02PLJ64jFkfjrujVsoSGIhiDMUZ3LEQ&export=download,
RV-48562-53735,577110120481001960,19/09/2025,shipping,68ccb96321b7de663e9b9088,Comfort Color 1717 / SEAFOAM / M,SEAFOAM,https://drive.google.com/uc?id=1_02PLJ64jFkfjrujVsoSGIhiDMUZ3LEQ&export=download,
RN-34452-46477,577110208711922595,19/09/2025,shipping,68ccb96608e901692d9eaaa1,Comfort Color 1717 / SEAFOAM / 3XL,SEAFOAM,https://drive.google.com/uc?id=1_02PLJ64jFkfjrujVsoSGIhiDMUZ3LEQ&export=download,
RY-54353-63654,577110161883304068,19/09/2025,shipping,68ccb96721b7deccd39b90a5,Comfort Color 1717 / BAY / 2XL,BAY,https://drive.google.com/file/d/1k8kVzeraS0vFmJj4PL6DI_RNNHJBIRuH/view,
RK-55697-78673,577110424051225217,19/09/2025,shipping,68ccb96908e9015d8c9eaac3,Comfort Color 1717 / SEAFOAM / M,SEAFOAM,https://drive.google.com/uc?id=1_02PLJ64jFkfjrujVsoSGIhiDMUZ3LEQ&export=download,
RZ-46368-39828,577110335854121133,19/09/2025,shipping,68ccb9720d43da7bf52e0f25,Comfort Color 1717 / SEAFOAM / M,SEAFOAM,https://drive.google.com/uc?id=1_02PLJ64jFkfjrujVsoSGIhiDMUZ3LEQ&export=download,
RK-68725-99482,577110312395117301,19/09/2025,in production,68ccb9750d43daae1c2e0f47,Comfort Color 1717 / SEAFOAM / M,SEAFOAM,https://drive.google.com/uc?id=1_02PLJ64jFkfjrujVsoSGIhiDMUZ3LEQ&export=download,
RZ-98532-82985,577110147009581482,19/09/2025,shipping,68ccb97808e901eef09eab00,Comfort Color 1717 / SEAFOAM / XL,SEAFOAM,https://drive.google.com/uc?id=1_02PLJ64jFkfjrujVsoSGIhiDMUZ3LEQ&export=download,
RK-43944-38646,577110141670953884,19/09/2025,shipping,68ccb97df94d2f9f24454c8b,Comfort Color 1717 / IVORY / L,IVORY,https://drive.google.com/uc?id=1_02PLJ64jFkfjrujVsoSGIhiDMUZ3LEQ&export=download,
RK-43944-38646,577110141670953884,19/09/2025,shipping,68ccb97df94d2f45e6454c8d,Comfort Color 1717 / SEAFOAM / XL,IVORY,https://drive.google.com/uc?id=1_02PLJ64jFkfjrujVsoSGIhiDMUZ3LEQ&export=download,
RN-82348-32548,577110338022117962,19/09/2025,shipping,68ccb980f94d2f507e454cc8,Comfort Color 1717 / SEAFOAM / L,SEAFOAM,https://drive.google.com/uc?id=1_02PLJ64jFkfjrujVsoSGIhiDMUZ3LEQ&export=download,
RE-45885-76955,577110132985795032,19/09/2025,shipping,68ccb98921b7def3059b9113,Comfort Color 1717 / IVORY / L,IVORY,https://drive.google.com/uc?id=1_02PLJ64jFkfjrujVsoSGIhiDMUZ3LEQ&export=download,
RE-27364-59487,577110394045436044,19/09/2025,shipping,68ccb98a21b7de1b649b913b,Comfort Color 1717 / SEAFOAM / XL,SEAFOAM,https://drive.google.com/uc?id=1_02PLJ64jFkfjrujVsoSGIhiDMUZ3LEQ&export=download,
RW-22596-47746,577110129162490826,19/09/2025,shipping,68ccc1c00d43da8fe92e1cc6,Comfort Color 1717 / SEAFOAM / 3XL,SEAFOAM,https://drive.google.com/uc?id=1_02PLJ64jFkfjrujVsoSGIhiDMUZ3LEQ&export=download,
RW-55947-88524,577110338246382152,19/09/2025,in production,68ccd2de7d5801e6c9dd85f8,Comfort Color 1717 / SEAFOAM / M,SEAFOAM,https://drive.google.com/uc?id=1_02PLJ64jFkfjrujVsoSGIhiDMUZ3LEQ&export=download,
RJ-99874-74769,577110130338337570,19/09/2025,shipping,68ccd8e921b7def8459bc376,Comfort Color 1717 / SEAFOAM / M,SEAFOAM,https://drive.google.com/uc?id=1_02PLJ64jFkfjrujVsoSGIhiDMUZ3LEQ&export=download,
RX-34642-57789,577110137260839051,19/09/2025,shipping,68ccd8fc0d43dafc8c2e414c,Comfort Color 1717 / SEAFOAM / XL,SEAFOAM,https://drive.google.com/uc?id=1_02PLJ64jFkfjrujVsoSGIhiDMUZ3LEQ&export=download,
RD-64623-26374,577110385238053336,19/09/2025,shipping,68ccdb407d58012b54dd999a,Comfort Color 1717 / SEAFOAM / 3XL,SEAFOAM,https://drive.google.com/uc?id=1_02PLJ64jFkfjrujVsoSGIhiDMUZ3LEQ&export=download,
RE-85568-63782,577110615739568539,19/09/2025,in production,68cce21c08e901cd429eeadc,Comfort Color 1717 / BLUESPRUCE / 2XL,BLUESPRUCE,https://drive.google.com/uc?id=1_02PLJ64jFkfjrujVsoSGIhiDMUZ3LEQ&export=download,
RG-35363-63873,577110624698012110,19/09/2025,shipping,68cce2f008e90179139eeeb7,Comfort Color 1717 / SEAFOAM / XL,SEAFOAM,https://drive.google.com/uc?id=1_02PLJ64jFkfjrujVsoSGIhiDMUZ3LEQ&export=download,
RW-35788-77438,577110692157034616,19/09/2025,shipping,68cd030eb8225612b98f8eaf,Comfort Color 1717 / BAY / XL,BAY,https://drive.google.com/file/d/1k8kVzeraS0vFmJj4PL6DI_RNNHJBIRuH/view,
RB-43976-46625,577110764900160050,19/09/2025,shipping,68cd06c508e90109f09f252d,Comfort Color 1717 / SEAFOAM / 2XL,SEAFOAM,https://drive.google.com/uc?id=1_02PLJ64jFkfjrujVsoSGIhiDMUZ3LEQ&export=download,
RG-88224-36352,577110841848796122,19/09/2025,in production,68cd086508e9019d959f27b5,Comfort Color 1717 / SEAFOAM / L,SEAFOAM,https://drive.google.com/uc?id=1_02PLJ64jFkfjrujVsoSGIhiDMUZ3LEQ&export=download,
RE-76644-52542,577110875393855913,19/09/2025,shipping,68cd0ac19baeeb60d0a2edbf,Comfort Color 1717 / SEAFOAM / XL,SEAFOAM,https://drive.google.com/uc?id=1_02PLJ64jFkfjrujVsoSGIhiDMUZ3LEQ&export=download,
RY-96479-83358,577110874485985939,19/09/2025,in production,68cd0b0108e90131309f2c78,Comfort Color 1717 / SEAFOAM / 2XL,SEAFOAM,https://drive.google.com/uc?id=1_02PLJ64jFkfjrujVsoSGIhiDMUZ3LEQ&export=download,
RJ-34687-68722,577110876752089417,19/09/2025,shipping,68cd0b2e0d43dabbe92e8fe0,Comfort Color 1717 / PEPPER / M,PEPPER,https://drive.google.com/file/d/1k8kVzeraS0vFmJj4PL6DI_RNNHJBIRuH/view,
RJ-34687-68722,577110876752089417,19/09/2025,shipping,68cd0b2e0d43da1d562e8fe2,Comfort Color 1717 / BLUESPRUCE / M,PEPPER,https://drive.google.com/file/d/1k8kVzeraS0vFmJj4PL6DI_RNNHJBIRuH/view,
RJ-34687-68722,577110876752089417,19/09/2025,shipping,68cd0b2e0d43dacc272e8fe4,Comfort Color 1717 / CRUNCHBERRY / M,PEPPER,https://drive.google.com/file/d/1k8kVzeraS0vFmJj4PL6DI_RNNHJBIRuH/view,
RP-68476-82394,577110874563449216,19/09/2025,in production,68cd0b40b8225665de8f9a2e,Comfort Color 1717 / SEAFOAM / 2XL,SEAFOAM,https://drive.google.com/uc?id=1_02PLJ64jFkfjrujVsoSGIhiDMUZ3LEQ&export=download,
RV-85543-42767,577110876009239538,19/09/2025,shipping,68cd0b6208e90142719f2cfb,Comfort Color 1717 / SEAFOAM / XL,SEAFOAM,https://drive.google.com/uc?id=1_02PLJ64jFkfjrujVsoSGIhiDMUZ3LEQ&export=download,
RG-87427-84727,577110878863200644,19/09/2025,shipping,68cd0b740d43da57402e903d,Comfort Color 1717 / SEAFOAM / S,SEAFOAM,https://drive.google.com/uc?id=1_02PLJ64jFkfjrujVsoSGIhiDMUZ3LEQ&export=download,
RB-94754-65394,577110880583979893,19/09/2025,in production,68cd0d1608e90164619f2eda,Comfort Color 1717 / SEAFOAM / L,SEAFOAM,https://drive.google.com/uc?id=1_02PLJ64jFkfjrujVsoSGIhiDMUZ3LEQ&export=download,
RV-74996-83463,577110886253760805,19/09/2025,in production,68cd0dba9baeeb151ca2f179,Comfort Color 1717 / SEAFOAM / L,SEAFOAM,https://drive.google.com/uc?id=1_02PLJ64jFkfjrujVsoSGIhiDMUZ3LEQ&export=download,
RV-74996-83463,577110886253760805,19/09/2025,in production,68cd0dba9baeeb167ca2f17b,Comfort Color 1717 / SEAFOAM / 3XL,SEAFOAM,https://drive.google.com/uc?id=1_02PLJ64jFkfjrujVsoSGIhiDMUZ3LEQ&export=download,
RG-44963-89624,577110891759374512,19/09/2025,in production,68cd0dc6b8225677d38f9d63,Comfort Color 1717 / SEAFOAM / L,SEAFOAM,https://drive.google.com/uc?id=1_02PLJ64jFkfjrujVsoSGIhiDMUZ3LEQ&export=download,
RK-92423-37226,577110894032621995,19/09/2025,shipping,68cd0dd508e90121569f2fcb,Comfort Color 1717 / SEAFOAM / S,SEAFOAM,https://drive.google.com/uc?id=1_02PLJ64jFkfjrujVsoSGIhiDMUZ3LEQ&export=download,
RJ-96427-24247,577110896746599324,19/09/2025,in production,68cd0e5fb82256fbfb8f9db9,Comfort Color 1717 / SEAFOAM / L,SEAFOAM,https://drive.google.com/uc?id=1_02PLJ64jFkfjrujVsoSGIhiDMUZ3LEQ&export=download,
RZ-58577-23286,577110899567203105,19/09/2025,in production,68cd0ec2b822563fc08f9e47,Comfort Color 1717 / MOSS / M,MOSS,https://drive.google.com/uc?id=1_02PLJ64jFkfjrujVsoSGIhiDMUZ3LEQ&export=download,
RZ-58577-23286,577110899567203105,19/09/2025,in production,68cd0ec2b822569a158f9e49,Comfort Color 1717 / MOSS / XL,MOSS,https://drive.google.com/uc?id=1_02PLJ64jFkfjrujVsoSGIhiDMUZ3LEQ&export=download,
RM-92648-23675,577110906202394895,19/09/2025,shipping,68cd0f4708e90107de9f31ca,Comfort Color 1717 / VIOLET / L,VIOLET,https://drive.google.com/uc?id=1_02PLJ64jFkfjrujVsoSGIhiDMUZ3LEQ&export=download,
RZ-69266-93565,577110914799866406,19/09/2025,in production,68cd0fad9baeebe3a5a2f3e3,Comfort Color 1717 / SEAFOAM / 2XL,SEAFOAM,https://drive.google.com/uc?id=1_02PLJ64jFkfjrujVsoSGIhiDMUZ3LEQ&export=download,
RG-75633-69824,577110914946339756,19/09/2025,shipping,68cd0fea08e90163499f32af,Comfort Color 1717 / BAY / M,BAY,https://drive.google.com/file/d/1k8kVzeraS0vFmJj4PL6DI_RNNHJBIRuH/view,
RB-77778-86546,577110921806713824,19/09/2025,in production,68cd1067b8225623598fa0b2,Comfort Color 1717 / SEAFOAM / 2XL,SEAFOAM,https://drive.google.com/uc?id=1_02PLJ64jFkfjrujVsoSGIhiDMUZ3LEQ&export=download,
RG-39857-38293,577110922749645471,19/09/2025,in production,68cd107c08e9014cc49f3372,Comfort Color 1717 / SEAFOAM / 2XL,SEAFOAM,https://drive.google.com/uc?id=1_02PLJ64jFkfjrujVsoSGIhiDMUZ3LEQ&export=download,
RD-92739-53883,577110922582004624,19/09/2025,shipping,68cd10b6b82256985a8fa122,Comfort Color 1717 / SEAFOAM / XL,SEAFOAM,https://drive.google.com/uc?id=1_02PLJ64jFkfjrujVsoSGIhiDMUZ3LEQ&export=download,
RX-27268-42963,577110928721678665,19/09/2025,shipping,68cd10f908e9010f699f342a,Comfort Color 1717 / MOSS / L,MOSS,https://drive.google.com/uc?id=1_02PLJ64jFkfjrujVsoSGIhiDMUZ3LEQ&export=download,
RJ-54538-72856,577110934717108495,19/09/2025,shipping,68cd111b08e9017f3e9f346d,Comfort Color 1717 / SEAFOAM / XL,SEAFOAM,https://drive.google.com/uc?id=1_02PLJ64jFkfjrujVsoSGIhiDMUZ3LEQ&export=download,
RK-86648-45649,577110939297682417,19/09/2025,shipping,68cd11580d43da6e662e9802,Comfort Color 1717 / SEAFOAM / S,SEAFOAM,https://drive.google.com/uc?id=1_02PLJ64jFkfjrujVsoSGIhiDMUZ3LEQ&export=download,
RV-98466-64386,577110821945577718,19/09/2025,in production,68cd13039baeeb1301a2fa33,Comfort Color 1717 / SEAFOAM / L,SEAFOAM,https://drive.google.com/uc?id=1_02PLJ64jFkfjrujVsoSGIhiDMUZ3LEQ&export=download,
RQ-36368-34767,577111149450596796,19/09/2025,in production,68cd130db8225678dc8fa718,Comfort Color 1717 / SEAFOAM / 2XL,SEAFOAM,https://drive.google.com/uc?id=1_02PLJ64jFkfjrujVsoSGIhiDMUZ3LEQ&export=download,
RQ-36368-34767,577111149450596796,19/09/2025,in production,68cd130db8225696368fa71a,Comfort Color 1717 / SEAFOAM / L,SEAFOAM,https://drive.google.com/uc?id=1_02PLJ64jFkfjrujVsoSGIhiDMUZ3LEQ&export=download,
RZ-52246-59898,577111110467424878,19/09/2025,in production,68cd13350d43dacb962e9d67,Comfort Color 1717 / SEAFOAM / M,SEAFOAM,https://drive.google.com/uc?id=1_02PLJ64jFkfjrujVsoSGIhiDMUZ3LEQ&export=download,
RZ-52246-59898,577111110467424878,19/09/2025,in production,68cd13350d43da43542e9d69,Comfort Color 1717 / SEAFOAM / L,SEAFOAM,https://drive.google.com/uc?id=1_02PLJ64jFkfjrujVsoSGIhiDMUZ3LEQ&export=download,
RV-76864-72789,577111078459576412,19/09/2025,in production,68cd1335b82256ece58fa78f,Comfort Color 1717 / SEAFOAM / 2XL,SEAFOAM,https://drive.google.com/uc?id=1_02PLJ64jFkfjrujVsoSGIhiDMUZ3LEQ&export=download,
RZ-77682-48927,577111143500124920,19/09/2025,shipping,68cd133c08e90106f79f3979,Comfort Color 1717 / SEAFOAM / M,SEAFOAM,https://drive.google.com/uc?id=1_02PLJ64jFkfjrujVsoSGIhiDMUZ3LEQ&export=download,
RB-55945-53433,577111161814160225,19/09/2025,in production,68cd133c08e90109f19f3993,Comfort Color 1717 / SEAFOAM / 2XL,SEAFOAM,https://drive.google.com/uc?id=1_02PLJ64jFkfjrujVsoSGIhiDMUZ3LEQ&export=download,
RG-44269-85292,577111093829211008,19/09/2025,shipping,68cd13489baeeb7454a2fab0,Comfort Color 1717 / IVORY / M,IVORY,https://drive.google.com/uc?id=1_02PLJ64jFkfjrujVsoSGIhiDMUZ3LEQ&export=download,
RE-73799-44868,577111077217014678,19/09/2025,shipping,68cd13499baeeb5b73a2facc,Comfort Color 1717 / SEAFOAM / 3XL,SEAFOAM,https://drive.google.com/uc?id=1_02PLJ64jFkfjrujVsoSGIhiDMUZ3LEQ&export=download,
RJ-27682-85838,577111162528108871,19/09/2025,shipping,68cd13499baeeb6d95a2fae6,Comfort Color 1717 / SEAFOAM / 3XL,SEAFOAM,https://drive.google.com/uc?id=1_02PLJ64jFkfjrujVsoSGIhiDMUZ3LEQ&export=download,
RA-85758-42886,577111109847912918,19/09/2025,shipping,68cd13490d43da6ae02e9da3,Comfort Color 1717 / SEAFOAM / M,SEAFOAM,https://drive.google.com/uc?id=1_02PLJ64jFkfjrujVsoSGIhiDMUZ3LEQ&export=download,
RA-32985-24833,577111048629556034,19/09/2025,in production,68cd134b0d43da331b2e9dbd,Comfort Color 1717 / SEAFOAM / 2XL,SEAFOAM,https://drive.google.com/uc?id=1_02PLJ64jFkfjrujVsoSGIhiDMUZ3LEQ&export=download,
RE-26476-44324,577111112437829732,19/09/2025,shipping,68cd135008e90173459f39dd,Comfort Color 1717 / SEAFOAM / M,SEAFOAM,https://drive.google.com/uc?id=1_02PLJ64jFkfjrujVsoSGIhiDMUZ3LEQ&export=download,
RN-57667-89737,577111060501008555,19/09/2025,in production,68cd1359b8225677a68fa849,Comfort Color 1717 / SEAFOAM / 2XL,SEAFOAM,https://drive.google.com/uc?id=1_02PLJ64jFkfjrujVsoSGIhiDMUZ3LEQ&export=download,
RK-66655-37454,577111125349995061,19/09/2025,in production,68cd1359b82256225d8fa86d,Comfort Color 1717 / SEAFOAM / 2XL,SEAFOAM,https://drive.google.com/uc?id=1_02PLJ64jFkfjrujVsoSGIhiDMUZ3LEQ&export=download,
RB-28689-68842,577111111451644165,19/09/2025,in production,68cd136008e901cb2f9f3a14,Comfort Color 1717 / SEAFOAM / L,SEAFOAM,https://drive.google.com/uc?id=1_02PLJ64jFkfjrujVsoSGIhiDMUZ3LEQ&export=download,
RR-39764-43496,577111080133890289,19/09/2025,shipping,68cd136008e9016a309f3a30,Comfort Color 1717 / SEAFOAM / S,SEAFOAM,https://drive.google.com/uc?id=1_02PLJ64jFkfjrujVsoSGIhiDMUZ3LEQ&export=download,
RB-87664-57733,577110980363325749,19/09/2025,in production,68cd13690d43da96382e9e3a,Comfort Color 1717 / SEAFOAM / 2XL,SEAFOAM,https://drive.google.com/uc?id=1_02PLJ64jFkfjrujVsoSGIhiDMUZ3LEQ&export=download,
RR-44239-37548,577110972665532533,19/09/2025,shipping,68cd136a0d43dad3f52e9e56,Comfort Color 1717 / BAY / L,BAY,https://drive.google.com/file/d/1k8kVzeraS0vFmJj4PL6DI_RNNHJBIRuH/view,
RV-62287-78326,577110976345903973,19/09/2025,shipping,68cd13729baeebe266a2fb56,Comfort Color 1717 / SEAFOAM / XL,SEAFOAM,https://drive.google.com/uc?id=1_02PLJ64jFkfjrujVsoSGIhiDMUZ3LEQ&export=download,
RX-55925-35685,577111082021196415,19/09/2025,in production,68cd13739baeeb0aeda2fb70,Comfort Color 1717 / SEAFOAM / 2XL,SEAFOAM,https://drive.google.com/uc?id=1_02PLJ64jFkfjrujVsoSGIhiDMUZ3LEQ&export=download,
RZ-32967-92577,577111088023573116,19/09/2025,shipping,68cd13739baeeb877fa2fb8a,Comfort Color 1717 / SEAFOAM / XL,SEAFOAM,https://drive.google.com/uc?id=1_02PLJ64jFkfjrujVsoSGIhiDMUZ3LEQ&export=download,
RW-89962-94588,577110956430168885,19/09/2025,shipping,68cd13770d43da5a992e9e9c,Comfort Color 1717 / SEAFOAM / XL,SEAFOAM,https://drive.google.com/uc?id=1_02PLJ64jFkfjrujVsoSGIhiDMUZ3LEQ&export=download,
RJ-94225-57892,577111004395836007,19/09/2025,shipping,68cd1379b822563c1f8fa8c1,Comfort Color 1717 / SEAFOAM / S,SEAFOAM,https://drive.google.com/uc?id=1_02PLJ64jFkfjrujVsoSGIhiDMUZ3LEQ&export=download,
RG-87882-66335,577110992042692803,19/09/2025,shipping,68cd137908e90137779f3a7c,Comfort Color 1717 / SEAFOAM / 3XL,SEAFOAM,https://drive.google.com/uc?id=1_02PLJ64jFkfjrujVsoSGIhiDMUZ3LEQ&export=download,
RN-76945-33243,577110997656966131,19/09/2025,shipping,68cd137cb822564db98fa8e4,Comfort Color 1717 / SEAFOAM / 3XL,SEAFOAM,https://drive.google.com/uc?id=1_02PLJ64jFkfjrujVsoSGIhiDMUZ3LEQ&export=download,
RM-88963-33249,577110995760812927,19/09/2025,in production,68cd137cb82256f4a08fa8fe,Comfort Color 1717 / SEAFOAM / 2XL,SEAFOAM,https://drive.google.com/uc?id=1_02PLJ64jFkfjrujVsoSGIhiDMUZ3LEQ&export=download,
RP-79764-76838,577110997506298836,19/09/2025,in production,68cd138008e90109349f3aa1,Comfort Color 1717 / SEAFOAM / 2XL,SEAFOAM,https://drive.google.com/uc?id=1_02PLJ64jFkfjrujVsoSGIhiDMUZ3LEQ&export=download,
RE-94283-23667,577110908935442923,19/09/2025,shipping,68cd138208e90163399f3ac6,Comfort Color 1717 / SEAFOAM / XL,SEAFOAM,https://drive.google.com/uc?id=1_02PLJ64jFkfjrujVsoSGIhiDMUZ3LEQ&export=download,
RW-76644-96778,577110958634930657,19/09/2025,shipping,68cd13890d43da34072e9ee7,Comfort Color 1717 / SEAFOAM / XL,SEAFOAM,https://drive.google.com/uc?id=1_02PLJ64jFkfjrujVsoSGIhiDMUZ3LEQ&export=download,
RW-43848-35428,577110945336889549,19/09/2025,shipping,68cd13990d43daf1c12e9f31,Comfort Color 1717 / SEAFOAM / S,SEAFOAM,https://drive.google.com/uc?id=1_02PLJ64jFkfjrujVsoSGIhiDMUZ3LEQ&export=download,
RY-99445-97375,577110968653747185,19/09/2025,shipping,68cd13a608e90119f49f3b1d,Comfort Color 1717 / SEAFOAM / XL,SEAFOAM,https://drive.google.com/uc?id=1_02PLJ64jFkfjrujVsoSGIhiDMUZ3LEQ&export=download,
RE-57266-33666,577111189711655876,19/09/2025,in production,68cd13aa08e9016e1f9f3b3c,Comfort Color 1717 / SEAFOAM / M,SEAFOAM,https://drive.google.com/uc?id=1_02PLJ64jFkfjrujVsoSGIhiDMUZ3LEQ&export=download,
RE-57266-33666,577111189711655876,19/09/2025,in production,68cd13aa08e90145669f3b3e,Comfort Color 1717 / SEAFOAM / L,SEAFOAM,https://drive.google.com/uc?id=1_02PLJ64jFkfjrujVsoSGIhiDMUZ3LEQ&export=download,
RE-42598-68598,577111169721734070,19/09/2025,in production,68cd13aa08e90137009f3b57,Comfort Color 1717 / SEAFOAM / L,SEAFOAM,https://drive.google.com/uc?id=1_02PLJ64jFkfjrujVsoSGIhiDMUZ3LEQ&export=download,
RJ-53578-86977,577111167434724053,19/09/2025,shipping,68cd13ac0d43da451e2e9f55,Comfort Color 1717 / BAY / S,BAY,https://drive.google.com/file/d/1k8kVzeraS0vFmJj4PL6DI_RNNHJBIRuH/view,
RB-55877-65437,577111002952601674,19/09/2025,shipping,68cd13ad9baeebee9fa2fc0f,Comfort Color 1717 / SEAFOAM / 3XL,SEAFOAM,https://drive.google.com/uc?id=1_02PLJ64jFkfjrujVsoSGIhiDMUZ3LEQ&export=download,
RG-39338-29292,577110956280549533,19/09/2025,shipping,68cd161c0d43dabc182ea2c1,Comfort Color 1717 / SEAFOAM / XL,SEAFOAM,https://drive.google.com/uc?id=1_02PLJ64jFkfjrujVsoSGIhiDMUZ3LEQ&export=download,
RK-84965-49762,577110947617476632,19/09/2025,shipping,68cd181c08e901fa6a9f41c4,Comfort Color 1717 / SEAFOAM / S,SEAFOAM,https://drive.google.com/uc?id=1_02PLJ64jFkfjrujVsoSGIhiDMUZ3LEQ&export=download,
RM-28778-92992,577110952815399298,19/09/2025,shipping,68cd1c6408e9016be29f49ee,Comfort Color 1717 / SEAFOAM / XL,SEAFOAM,https://drive.google.com/uc?id=1_02PLJ64jFkfjrujVsoSGIhiDMUZ3LEQ&export=download,
RX-48346-25233,577110951425315504,19/09/2025,shipping,68cd1c749baeeb8311a309e3,Comfort Color 1717 / SEAFOAM / XL,SEAFOAM,https://drive.google.com/uc?id=1_02PLJ64jFkfjrujVsoSGIhiDMUZ3LEQ&export=download,
RM-99937-72434,577110959216890259,19/09/2025,shipping,68cd1cb70d43da41512eb1aa,Comfort Color 1717 / BAY / 3XL,BAY,https://drive.google.com/file/d/1k8kVzeraS0vFmJj4PL6DI_RNNHJBIRuH/view,
RP-53477-78392,577110989377802936,19/09/2025,shipping,68cd1ef39baeeb9ed1a30d43,Comfort Color 1717 / FLOBLUE / S,FLOBLUE,https://drive.google.com/uc?id=1_02PLJ64jFkfjrujVsoSGIhiDMUZ3LEQ&export=download,
RD-39339-84548,577111127723971126,19/09/2025,shipping,68cd27625612d7393ec2c16a,Comfort Color 1717 / CRUNCHBERRY / XL,CRUNCHBERRY,https://drive.google.com/uc?id=1_02PLJ64jFkfjrujVsoSGIhiDMUZ3LEQ&export=download,
RR-84947-34687,577111168220828010,19/09/2025,in production,68cd29695612d7ece4c2c555,Comfort Color 1717 / VIOLET / L,VIOLET,https://drive.google.com/uc?id=1_02PLJ64jFkfjrujVsoSGIhiDMUZ3LEQ&export=download,
RR-84947-34687,577111168220828010,19/09/2025,in production,68cd29695612d71b4fc2c557,Comfort Color 1717 / SEAFOAM / L,VIOLET,https://drive.google.com/uc?id=1_02PLJ64jFkfjrujVsoSGIhiDMUZ3LEQ&export=download,
RR-84947-34687,577111168220828010,19/09/2025,in production,68cd29695612d73aa5c2c559,Comfort Color 1717 / CRUNCHBERRY / M,VIOLET,https://drive.google.com/uc?id=1_02PLJ64jFkfjrujVsoSGIhiDMUZ3LEQ&export=download,
RM-23759-94343,577111278940099469,19/09/2025,in production,68cd2cf65612d735a4c2cab1,Comfort Color 1717 / SEAFOAM / XL,SEAFOAM,https://drive.google.com/uc?id=1_02PLJ64jFkfjrujVsoSGIhiDMUZ3LEQ&export=download,
RK-96453-63258,577111134648111511,19/09/2025,paid_fulfillment_cost,68cd2fd50d43dac37e2ed296,Comfort Color 1717 / MOSS / 2XL,MOSS,https://drive.google.com/uc?id=1_02PLJ64jFkfjrujVsoSGIhiDMUZ3LEQ&export=download,
RW-49483-98435,577111286585332697,19/09/2025,in production,68cd317108e901b6e59f6dcb,Comfort Color 1717 / SEAFOAM / L,SEAFOAM,https://drive.google.com/uc?id=1_02PLJ64jFkfjrujVsoSGIhiDMUZ3LEQ&export=download,
RR-24749-95955,577111283493737429,19/09/2025,paid_fulfillment_cost,68cd31859baeeb5663a32e0d,Comfort Color 1717 / SEAFOAM / XL,SEAFOAM,https://drive.google.com/uc?id=1_02PLJ64jFkfjrujVsoSGIhiDMUZ3LEQ&export=download,
RD-92846-96578,577111966037086262,20/09/2025,in production,68cdf9cec3bd7a2103fc137b,Comfort Color 1717 / SEAFOAM / L,SEAFOAM,https://drive.google.com/uc?id=1_02PLJ64jFkfjrujVsoSGIhiDMUZ3LEQ&export=download,
RR-93237-87527,577111953359999902,20/09/2025,in production,68cdf9d1c3bd7a6a4dfc13a2,Comfort Color 1717 / SEAFOAM / L,SEAFOAM,https://drive.google.com/uc?id=1_02PLJ64jFkfjrujVsoSGIhiDMUZ3LEQ&export=download,
RE-26932-97736,577111902315909886,20/09/2025,paid_fulfillment_cost,68cdf9d2c3bd7a275afc13c6,Comfort Color 1717 / SEAFOAM / XL,SEAFOAM,https://drive.google.com/uc?id=1_02PLJ64jFkfjrujVsoSGIhiDMUZ3LEQ&export=download,
RG-69665-74826,577111976394068125,20/09/2025,paid_fulfillment_cost,68cdf9d28729ecdc7d46205f,Comfort Color 1717 / SEAFOAM / S,SEAFOAM,https://drive.google.com/uc?id=1_02PLJ64jFkfjrujVsoSGIhiDMUZ3LEQ&export=download,
RW-33246-86989,577111961472111344,20/09/2025,in production,68cdf9d37cd8e53817208c22,Comfort Color 1717 / SEAFOAM / L,SEAFOAM,https://drive.google.com/uc?id=1_02PLJ64jFkfjrujVsoSGIhiDMUZ3LEQ&export=download,
RW-82874-22882,577111903374054227,20/09/2025,paid_fulfillment_cost,68cdf9d38729ec5a6a462096,Comfort Color 1717 / SEAFOAM / M,SEAFOAM,https://drive.google.com/uc?id=1_02PLJ64jFkfjrujVsoSGIhiDMUZ3LEQ&export=download,
RP-93976-99936,577111893319848947,20/09/2025,paid_fulfillment_cost,68cdf9d38729ec588c4620a8,Comfort Color 1717 / SEAFOAM / S,SEAFOAM,https://drive.google.com/uc?id=1_02PLJ64jFkfjrujVsoSGIhiDMUZ3LEQ&export=download,
RD-48292-89726,577111947373220781,20/09/2025,in production,68cdf9d37cd8e53d3e208c56,Comfort Color 1717 / SEAFOAM / L,SEAFOAM,https://drive.google.com/uc?id=1_02PLJ64jFkfjrujVsoSGIhiDMUZ3LEQ&export=download,
RK-28392-74967,577111963512246509,20/09/2025,in production,68cdf9f18729ec738446212b,Comfort Color 1717 / SEAFOAM / L,SEAFOAM,https://drive.google.com/uc?id=1_02PLJ64jFkfjrujVsoSGIhiDMUZ3LEQ&export=download,
RY-58948-63268,577111949086396509,20/09/2025,paid_fulfillment_cost,68cdf9f48729ec3254462147,Comfort Color 1717 / SEAFOAM / XL,SEAFOAM,https://drive.google.com/uc?id=1_02PLJ64jFkfjrujVsoSGIhiDMUZ3LEQ&export=download,
RK-37579-74699,577111901107426091,20/09/2025,paid_fulfillment_cost,68cdf9f5c3bd7afdd4fc143e,Comfort Color 1717 / SEAFOAM / M,SEAFOAM,https://drive.google.com/uc?id=1_02PLJ64jFkfjrujVsoSGIhiDMUZ3LEQ&export=download,
RP-73663-28637,577111985996665818,20/09/2025,paid_fulfillment_cost,68cdf9f5c3bd7aca5afc1440,Comfort Color 1717 / SEAFOAM / M,SEAFOAM,https://drive.google.com/uc?id=1_02PLJ64jFkfjrujVsoSGIhiDMUZ3LEQ&export=download,
RG-86762-49358,577111916191977890,20/09/2025,paid_fulfillment_cost,68cdf9f57cd8e50189208cd3,Comfort Color 1717 / SEAFOAM / M,SEAFOAM,https://drive.google.com/uc?id=1_02PLJ64jFkfjrujVsoSGIhiDMUZ3LEQ&export=download,
RX-65847-69358,577111890940039585,20/09/2025,paid_fulfillment_cost,68cdf9f5c3bd7a5531fc1471,Comfort Color 1717 / MOSS / M,MOSS,https://drive.google.com/uc?id=1_02PLJ64jFkfjrujVsoSGIhiDMUZ3LEQ&export=download,
RX-65847-69358,577111890940039585,20/09/2025,paid_fulfillment_cost,68cdf9f5c3bd7a4eb9fc1473,Comfort Color 1717 / SEAFOAM / M,MOSS,https://drive.google.com/uc?id=1_02PLJ64jFkfjrujVsoSGIhiDMUZ3LEQ&export=download,
RW-38536-63949,577111940075459443,20/09/2025,in production,68cdf9f58729ec2c2b462161,Comfort Color 1717 / SEAFOAM / 2XL,SEAFOAM,https://drive.google.com/uc?id=1_02PLJ64jFkfjrujVsoSGIhiDMUZ3LEQ&export=download,
RG-77949-53858,577111917745573889,20/09/2025,in production,68cdf9f77cd8e52afc208d0b,Comfort Color 1717 / SEAFOAM / L,SEAFOAM,https://drive.google.com/uc?id=1_02PLJ64jFkfjrujVsoSGIhiDMUZ3LEQ&export=download,
RW-26858-22259,577111946359902991,20/09/2025,paid_fulfillment_cost,68cdfa148729ec64a14621d0,Comfort Color 1717 / SEAFOAM / M,SEAFOAM,https://drive.google.com/uc?id=1_02PLJ64jFkfjrujVsoSGIhiDMUZ3LEQ&export=download,
RZ-22379-29569,577111808057316197,20/09/2025,paid_fulfillment_cost,68cdfa14729448ed8d184b3b,Comfort Color 1717 / SEAFOAM / XL,SEAFOAM,https://drive.google.com/uc?id=1_02PLJ64jFkfjrujVsoSGIhiDMUZ3LEQ&export=download,
RW-53629-55623,577111929166729829,20/09/2025,in production,68cdfa177294483a2a184b7b,Comfort Color 1717 / SEAFOAM / L,SEAFOAM,https://drive.google.com/uc?id=1_02PLJ64jFkfjrujVsoSGIhiDMUZ3LEQ&export=download,
RW-53629-55623,577111929166729829,20/09/2025,in production,68cdfa177294484b94184b7d,Comfort Color 1717 / SEAFOAM / XL,SEAFOAM,https://drive.google.com/uc?id=1_02PLJ64jFkfjrujVsoSGIhiDMUZ3LEQ&export=download,
RW-64324-54299,577111839988028080,20/09/2025,paid_fulfillment_cost,68cdfa17c3bd7ac46efc14ec,Comfort Color 1717 / SEAFOAM / M,SEAFOAM,https://drive.google.com/uc?id=1_02PLJ64jFkfjrujVsoSGIhiDMUZ3LEQ&export=download,
RQ-73295-24985,577111867875561628,20/09/2025,in production,68cdfa17c3bd7a25f8fc1506,Comfort Color 1717 / SEAFOAM / L,SEAFOAM,https://drive.google.com/uc?id=1_02PLJ64jFkfjrujVsoSGIhiDMUZ3LEQ&export=download,
RQ-73999-92367,577111833455333434,20/09/2025,in production,68cdfa178729ece11e4621f5,Comfort Color 1717 / SEAFOAM / 2XL,SEAFOAM,https://drive.google.com/uc?id=1_02PLJ64jFkfjrujVsoSGIhiDMUZ3LEQ&export=download,
RE-56722-28596,577111791383384753,20/09/2025,paid_fulfillment_cost,68cdfa17c3bd7acbb3fc1524,Comfort Color 1717 / SEAFOAM / M,SEAFOAM,https://drive.google.com/uc?id=1_02PLJ64jFkfjrujVsoSGIhiDMUZ3LEQ&export=download,
RM-69699-59969,577111866284020251,20/09/2025,paid_fulfillment_cost,68cdfa188729ec1343462219,Comfort Color 1717 / SEAFOAM / M,SEAFOAM,https://drive.google.com/uc?id=1_02PLJ64jFkfjrujVsoSGIhiDMUZ3LEQ&export=download,
RP-34428-23344,577111881023066117,20/09/2025,paid_fulfillment_cost,68cdfa187cd8e53935208d7a,Comfort Color 1717 / SEAFOAM / M,SEAFOAM,https://drive.google.com/uc?id=1_02PLJ64jFkfjrujVsoSGIhiDMUZ3LEQ&export=download,
RZ-22873-76536,577111889318809628,20/09/2025,paid_fulfillment_cost,68cdfa19729448d571184b9b,Comfort Color 1717 / SEAFOAM / S,SEAFOAM,https://drive.google.com/uc?id=1_02PLJ64jFkfjrujVsoSGIhiDMUZ3LEQ&export=download,
RR-94654-82399,577111796025430267,20/09/2025,in production,68cdfa1a7cd8e521d1208d99,Comfort Color 1717 / SEAFOAM / 2XL,SEAFOAM,https://drive.google.com/uc?id=1_02PLJ64jFkfjrujVsoSGIhiDMUZ3LEQ&export=download,
RJ-76675-82274,577111827738432212,20/09/2025,in production,68cdfa1a7cd8e5210c208db7,Comfort Color 1717 / SEAFOAM / 2XL,SEAFOAM,https://drive.google.com/uc?id=1_02PLJ64jFkfjrujVsoSGIhiDMUZ3LEQ&export=download,
RE-96363-28485,577111815528157408,20/09/2025,in production,68cdfa348729ec3a6b462279,Comfort Color 1717 / SEAFOAM / L,SEAFOAM,https://drive.google.com/uc?id=1_02PLJ64jFkfjrujVsoSGIhiDMUZ3LEQ&export=download,
RV-74865-34622,577111823238729904,20/09/2025,paid_fulfillment_cost,68cdfa378729ec82b14622a0,Comfort Color 1717 / SEAFOAM / XL,SEAFOAM,https://drive.google.com/uc?id=1_02PLJ64jFkfjrujVsoSGIhiDMUZ3LEQ&export=download,
RY-67888-47573,577111881565901710,20/09/2025,paid_fulfillment_cost,68cdfa378729ecd2fd4622b8,Comfort Color 1717 / SEAFOAM / 3XL,SEAFOAM,https://drive.google.com/uc?id=1_02PLJ64jFkfjrujVsoSGIhiDMUZ3LEQ&export=download,
RJ-25775-75869,577111796178588042,20/09/2025,in production,68cdfa377294487205184c30,Comfort Color 1717 / SEAFOAM / L,SEAFOAM,https://drive.google.com/uc?id=1_02PLJ64jFkfjrujVsoSGIhiDMUZ3LEQ&export=download,
RM-32946-37827,577111770197430988,20/09/2025,in production,68cdfa3872944822b4184c4e,Comfort Color 1717 / SEAFOAM / M,SEAFOAM,https://drive.google.com/uc?id=1_02PLJ64jFkfjrujVsoSGIhiDMUZ3LEQ&export=download,
RM-32946-37827,577111770197430988,20/09/2025,in production,68cdfa387294487662184c50,Comfort Color 1717 / SEAFOAM / L,SEAFOAM,https://drive.google.com/uc?id=1_02PLJ64jFkfjrujVsoSGIhiDMUZ3LEQ&export=download,
RW-46878-45346,577111847706267931,20/09/2025,in production,68cdfa3bc3bd7a7eb8fc15c8,Comfort Color 1717 / SEAFOAM / 2XL,SEAFOAM,https://drive.google.com/uc?id=1_02PLJ64jFkfjrujVsoSGIhiDMUZ3LEQ&export=download,
RZ-46327-79896,577111808000627419,20/09/2025,in production,68cdfa3d7cd8e5b1f5208e2b,Comfort Color 1717 / SEAFOAM / L,SEAFOAM,https://drive.google.com/uc?id=1_02PLJ64jFkfjrujVsoSGIhiDMUZ3LEQ&export=download,
RM-73986-97497,577111881009173315,20/09/2025,paid_fulfillment_cost,68cdfa3ec3bd7a1a07fc15f5,Comfort Color 1717 / SEAFOAM / M,SEAFOAM,https://drive.google.com/uc?id=1_02PLJ64jFkfjrujVsoSGIhiDMUZ3LEQ&export=download,
RG-84698-69492,577111725328667127,20/09/2025,paid_fulfillment_cost,68cdfa538729ec5f94462314,Comfort Color 1717 / SEAFOAM / 3XL,SEAFOAM,https://drive.google.com/uc?id=1_02PLJ64jFkfjrujVsoSGIhiDMUZ3LEQ&export=download,
RZ-49675-77993,577111757890687904,20/09/2025,in production,68cdfa578729eca5ab46235d,Comfort Color 1717 / SEAFOAM / L,SEAFOAM,https://drive.google.com/uc?id=1_02PLJ64jFkfjrujVsoSGIhiDMUZ3LEQ&export=download,
RB-92526-38835,577111770844795080,20/09/2025,paid_fulfillment_cost,68cdfa5ac3bd7a5115fc164a,Comfort Color 1717 / SEAFOAM / M,SEAFOAM,https://drive.google.com/uc?id=1_02PLJ64jFkfjrujVsoSGIhiDMUZ3LEQ&export=download,
RQ-29555-72774,577111454812312207,20/09/2025,in production,68cdfa5ec3bd7a6801fc169a,Comfort Color 1717 / SEAFOAM / M,SEAFOAM,https://drive.google.com/uc?id=1_02PLJ64jFkfjrujVsoSGIhiDMUZ3LEQ&export=download,
RQ-29555-72774,577111454812312207,20/09/2025,in production,68cdfa5ec3bd7a9fb8fc169c,Comfort Color 1717 / SEAFOAM / L,SEAFOAM,https://drive.google.com/uc?id=1_02PLJ64jFkfjrujVsoSGIhiDMUZ3LEQ&export=download,
RQ-65663-99838,577111759566574165,20/09/2025,paid_fulfillment_cost,68cdfa65729448789e184cbc,Comfort Color 1717 / BLUEJEAN / L,BLUEJEAN,https://drive.google.com/uc?id=1_02PLJ64jFkfjrujVsoSGIhiDMUZ3LEQ&export=download,
RB-53999-28888,577111645418983641,20/09/2025,paid_fulfillment_cost,68cdfa667cd8e52bb9208ec8,Comfort Color 1717 / SEAFOAM / M,SEAFOAM,https://drive.google.com/uc?id=1_02PLJ64jFkfjrujVsoSGIhiDMUZ3LEQ&export=download,
RR-54846-69492,577111753314570967,20/09/2025,paid_fulfillment_cost,68cdfa677cd8e5b080208ee4,Comfort Color 1717 / SEAFOAM / 3XL,SEAFOAM,https://drive.google.com/uc?id=1_02PLJ64jFkfjrujVsoSGIhiDMUZ3LEQ&export=download,
RX-67643-35357,577111683392901906,20/09/2025,paid_fulfillment_cost,68cdfa697cd8e54847208f0d,Comfort Color 1717 / SEAFOAM / XL,SEAFOAM,https://drive.google.com/uc?id=1_02PLJ64jFkfjrujVsoSGIhiDMUZ3LEQ&export=download,
RW-75636-46638,577111729795142520,20/09/2025,in production,68cdfa748729ec54e84623d0,Comfort Color 1717 / SEAFOAM / L,SEAFOAM,https://drive.google.com/uc?id=1_02PLJ64jFkfjrujVsoSGIhiDMUZ3LEQ&export=download,
RK-72384-44737,577111647254843400,20/09/2025,paid_fulfillment_cost,68cdfa748729ec7d364623f0,Comfort Color 1717 / SEAFOAM / M,SEAFOAM,https://drive.google.com/uc?id=1_02PLJ64jFkfjrujVsoSGIhiDMUZ3LEQ&export=download,
RP-56839-98389,577111759919419890,20/09/2025,paid_fulfillment_cost,68cdfa7bc3bd7a9452fc16f2,Comfort Color 1717 / SEAFOAM / XL,SEAFOAM,https://drive.google.com/uc?id=1_02PLJ64jFkfjrujVsoSGIhiDMUZ3LEQ&export=download,
RQ-69965-79292,577111431520227785,20/09/2025,paid_fulfillment_cost,68cdfa7ec3bd7a08acfc170c,Comfort Color 1717 / SEAFOAM / M,SEAFOAM,https://drive.google.com/uc?id=1_02PLJ64jFkfjrujVsoSGIhiDMUZ3LEQ&export=download,
RZ-48796-32273,577111644949025448,20/09/2025,paid_fulfillment_cost,68cdfa7ec3bd7a2fc0fc172b,Comfort Color 1717 / SEAFOAM / M,SEAFOAM,https://drive.google.com/uc?id=1_02PLJ64jFkfjrujVsoSGIhiDMUZ3LEQ&export=download,
RJ-75928-42739,577111349303284290,20/09/2025,paid_fulfillment_cost,68cdfa8a729448814b184d65,Comfort Color 1717 / SEAFOAM / XL,SEAFOAM,https://drive.google.com/uc?id=1_02PLJ64jFkfjrujVsoSGIhiDMUZ3LEQ&export=download,
RQ-78472-94384,577111350912127257,20/09/2025,in production,68cdfa8a7cd8e57b63208f76,Comfort Color 1717 / SEAFOAM / L,SEAFOAM,https://drive.google.com/uc?id=1_02PLJ64jFkfjrujVsoSGIhiDMUZ3LEQ&export=download,
RM-66882-95393,577111343284720287,20/09/2025,in production,68cdfa8b7cd8e5ae48208f90,Comfort Color 1717 / SEAFOAM / L,SEAFOAM,https://drive.google.com/uc?id=1_02PLJ64jFkfjrujVsoSGIhiDMUZ3LEQ&export=download,
RD-48856-25587,577111400893419592,20/09/2025,in production,68cdfa8b7cd8e52e64208fae,Comfort Color 1717 / SEAFOAM / M,SEAFOAM,https://drive.google.com/uc?id=1_02PLJ64jFkfjrujVsoSGIhiDMUZ3LEQ&export=download,
RD-48856-25587,577111400893419592,20/09/2025,in production,68cdfa8b7cd8e526e9208fb0,Comfort Color 1717 / SEAFOAM / L,SEAFOAM,https://drive.google.com/uc?id=1_02PLJ64jFkfjrujVsoSGIhiDMUZ3LEQ&export=download,
RY-55336-63929,577111304692667011,20/09/2025,paid_fulfillment_cost,68cdfa8d729448d612184d88,Comfort Color 1717 / SEAFOAM / S,SEAFOAM,https://drive.google.com/uc?id=1_02PLJ64jFkfjrujVsoSGIhiDMUZ3LEQ&export=download,
RR-23796-23428,577111313001844986,20/09/2025,in production,68cdfa8d72944853c6184dac,Comfort Color 1717 / SEAFOAM / 2XL,SEAFOAM,https://drive.google.com/uc?id=1_02PLJ64jFkfjrujVsoSGIhiDMUZ3LEQ&export=download,
RV-27545-28225,577111294994846069,20/09/2025,paid_fulfillment_cost,68cdfa948729ecc1a146244e,Comfort Color 1717 / BAY / L,BAY,https://drive.google.com/file/d/1k8kVzeraS0vFmJj4PL6DI_RNNHJBIRuH/view,
RM-63792-94968,577111306520073072,20/09/2025,paid_fulfillment_cost,68cdfa948729ec697d462468,Comfort Color 1717 / SEAFOAM / M,SEAFOAM,https://drive.google.com/uc?id=1_02PLJ64jFkfjrujVsoSGIhiDMUZ3LEQ&export=download,
RK-94989-57538,577111324036469694,20/09/2025,paid_fulfillment_cost,68cdfa958729ec543b462482,Comfort Color 1717 / SEAFOAM / M,SEAFOAM,https://drive.google.com/uc?id=1_02PLJ64jFkfjrujVsoSGIhiDMUZ3LEQ&export=download,
RJ-49867-94973,577111297308332060,20/09/2025,paid_fulfillment_cost,68cdfa9dc3bd7a1e32fc1792,Comfort Color 1717 / SEAFOAM / XL,SEAFOAM,https://drive.google.com/uc?id=1_02PLJ64jFkfjrujVsoSGIhiDMUZ3LEQ&export=download,
RE-94424-95366,577111288844423932,20/09/2025,in production,68cdfa9dc3bd7afcb6fc17ae,Comfort Color 1717 / SEAFOAM / M,SEAFOAM,https://drive.google.com/uc?id=1_02PLJ64jFkfjrujVsoSGIhiDMUZ3LEQ&export=download,
RE-94424-95366,577111288844423932,20/09/2025,in production,68cdfa9dc3bd7a06c1fc17b0,Comfort Color 1717 / SEAFOAM / L,SEAFOAM,https://drive.google.com/uc?id=1_02PLJ64jFkfjrujVsoSGIhiDMUZ3LEQ&export=download,
RX-79799-72243,577111981587468600,20/09/2025,paid_fulfillment_cost,68cdfa9ec3bd7a9ecefc17cb,Comfort Color 1717 / SEAFOAM / 3XL,SEAFOAM,https://drive.google.com/uc?id=1_02PLJ64jFkfjrujVsoSGIhiDMUZ3LEQ&export=download,
RX-67824-96823,577111984316846725,20/09/2025,in production,68cdfaaa7cd8e56a3e209012,Comfort Color 1717 / SEAFOAM / L,SEAFOAM,https://drive.google.com/uc?id=1_02PLJ64jFkfjrujVsoSGIhiDMUZ3LEQ&export=download,
RW-26938-97637,577111976211812516,20/09/2025,paid_fulfillment_cost,68cdfaab72944835de184dfc,Comfort Color 1717 / SEAFOAM / XL,SEAFOAM,https://drive.google.com/uc?id=1_02PLJ64jFkfjrujVsoSGIhiDMUZ3LEQ&export=download,
RY-95996-39974,577111954677404126,20/09/2025,in production,68cdfaad7cd8e5c413209035,Comfort Color 1717 / SEAFOAM / L,SEAFOAM,https://drive.google.com/uc?id=1_02PLJ64jFkfjrujVsoSGIhiDMUZ3LEQ&export=download,
RA-86533-67747,577111965396341547,20/09/2025,paid_fulfillment_cost,68cdfaae7cd8e5f3ff209059,Comfort Color 1717 / SEAFOAM / M,SEAFOAM,https://drive.google.com/uc?id=1_02PLJ64jFkfjrujVsoSGIhiDMUZ3LEQ&export=download,
RY-28735-95372,577111959131951903,20/09/2025,paid_fulfillment_cost,68cdfaae72944891d7184e1f,Comfort Color 1717 / SEAFOAM / XL,SEAFOAM,https://drive.google.com/uc?id=1_02PLJ64jFkfjrujVsoSGIhiDMUZ3LEQ&export=download,
RJ-55239-92586,577111978891841700,20/09/2025,paid_fulfillment_cost,68cdfaaf7294486c0f184e45,Comfort Color 1717 / SEAFOAM / M,SEAFOAM,https://drive.google.com/uc?id=1_02PLJ64jFkfjrujVsoSGIhiDMUZ3LEQ&export=download,
RV-56478-85976,577111981081334744,20/09/2025,in production,68cdfab68729ecd7344624ef,Comfort Color 1717 / SEAFOAM / 2XL,SEAFOAM,https://drive.google.com/uc?id=1_02PLJ64jFkfjrujVsoSGIhiDMUZ3LEQ&export=download,
RD-35983-82337,577111952536277903,20/09/2025,paid_fulfillment_cost,68cdfab88729ec19f1462522,Comfort Color 1717 / SEAFOAM / XL,SEAFOAM,https://drive.google.com/uc?id=1_02PLJ64jFkfjrujVsoSGIhiDMUZ3LEQ&export=download,
RR-37443-76677,577111936323260437,20/09/2025,in production,68cdfabfc3bd7aa269fc182e,Comfort Color 1717 / SEAFOAM / L,SEAFOAM,https://drive.google.com/uc?id=1_02PLJ64jFkfjrujVsoSGIhiDMUZ3LEQ&export=download,
RX-97949-39492,577111938901643890,20/09/2025,paid_fulfillment_cost,68cdfabfc3bd7ad0e8fc1847,Comfort Color 1717 / SEAFOAM / M,SEAFOAM,https://drive.google.com/uc?id=1_02PLJ64jFkfjrujVsoSGIhiDMUZ3LEQ&export=download,
RW-78247-94938,577111930029183838,20/09/2025,paid_fulfillment_cost,68cdfac5c3bd7a48b9fc1888,Comfort Color 1717 / VIOLET / L,VIOLET,https://drive.google.com/uc?id=1_02PLJ64jFkfjrujVsoSGIhiDMUZ3LEQ&export=download,
RA-64878-56486,577111905657787149,20/09/2025,paid_fulfillment_cost,68cdface729448eb21184e91,Comfort Color 1717 / SEAFOAM / M,SEAFOAM,https://drive.google.com/uc?id=1_02PLJ64jFkfjrujVsoSGIhiDMUZ3LEQ&export=download,
RX-25999-47577,577111941482779065,20/09/2025,in production,68cdfad172944872f4184ec0,Comfort Color 1717 / SEAFOAM / L,SEAFOAM,https://drive.google.com/uc?id=1_02PLJ64jFkfjrujVsoSGIhiDMUZ3LEQ&export=download,
RY-76932-45829,577111902144533117,20/09/2025,in production,68cdfad2729448807a184eda,Comfort Color 1717 / SEAFOAM / L,SEAFOAM,https://drive.google.com/uc?id=1_02PLJ64jFkfjrujVsoSGIhiDMUZ3LEQ&export=download,
RK-85472-76527,577111933723972371,20/09/2025,paid_fulfillment_cost,68cdfad47cd8e5f2632090ab,Comfort Color 1717 / SEAFOAM / S,SEAFOAM,https://drive.google.com/uc?id=1_02PLJ64jFkfjrujVsoSGIhiDMUZ3LEQ&export=download,
RJ-59342-74966,577111904925552667,20/09/2025,paid_fulfillment_cost,68cdfad47cd8e58bea2090c5,Comfort Color 1717 / SEAFOAM / S,SEAFOAM,https://drive.google.com/uc?id=1_02PLJ64jFkfjrujVsoSGIhiDMUZ3LEQ&export=download,
RQ-38897-84759,577111943563022935,20/09/2025,in production,68cdfad68729ec80d046257f,Comfort Color 1717 / SEAFOAM / L,SEAFOAM,https://drive.google.com/uc?id=1_02PLJ64jFkfjrujVsoSGIhiDMUZ3LEQ&export=download,
RX-98457-69898,577111933661385092,20/09/2025,paid_fulfillment_cost,68cdfad67cd8e51c062090fe,Comfort Color 1717 / MOSS / M,MOSS,https://drive.google.com/uc?id=1_02PLJ64jFkfjrujVsoSGIhiDMUZ3LEQ&export=download,
RW-43234-28684,577111907329807253,20/09/2025,paid_fulfillment_cost,68cdfad78729eccfdd462599,Comfort Color 1717 / SEAFOAM / M,SEAFOAM,https://drive.google.com/uc?id=1_02PLJ64jFkfjrujVsoSGIhiDMUZ3LEQ&export=download,
RY-89855-69599,577111934265627531,20/09/2025,paid_fulfillment_cost,68cdfad88729ec58184625b5,Comfort Color 1717 / SEAFOAM / XL,SEAFOAM,https://drive.google.com/uc?id=1_02PLJ64jFkfjrujVsoSGIhiDMUZ3LEQ&export=download,
RB-87985-54837,577111945787576790,20/09/2025,in production,68cdfaddc3bd7a0b35fc18c8,Comfort Color 1717 / SEAFOAM / L,SEAFOAM,https://drive.google.com/uc?id=1_02PLJ64jFkfjrujVsoSGIhiDMUZ3LEQ&export=download,
RJ-62569-77435,577111873447891759,20/09/2025,paid_fulfillment_cost,68cdfae0c3bd7a4b7ffc18eb,Comfort Color 1717 / SEAFOAM / XL,SEAFOAM,https://drive.google.com/uc?id=1_02PLJ64jFkfjrujVsoSGIhiDMUZ3LEQ&export=download,
RB-33746-37433,577111863185216146,20/09/2025,in production,68cdfae4c3bd7a2161fc1926,Comfort Color 1717 / SEAFOAM / M,SEAFOAM,https://drive.google.com/uc?id=1_02PLJ64jFkfjrujVsoSGIhiDMUZ3LEQ&export=download,
RV-63654-99243,577111875197964611,20/09/2025,paid_fulfillment_cost,68cdfaf072944863c6184f28,Comfort Color 1717 / SEAFOAM / XL,SEAFOAM,https://drive.google.com/uc?id=1_02PLJ64jFkfjrujVsoSGIhiDMUZ3LEQ&export=download,
RJ-28295-53726,577111860584223714,20/09/2025,in production,68cdfaf27294484061184f5e,Comfort Color 1717 / SEAFOAM / L,SEAFOAM,https://drive.google.com/uc?id=1_02PLJ64jFkfjrujVsoSGIhiDMUZ3LEQ&export=download,
RQ-89329-68362,577111864981754878,20/09/2025,in production,68cdfaf58729ecbc8a462612,Comfort Color 1717 / SEAFOAM / 2XL,SEAFOAM,https://drive.google.com/uc?id=1_02PLJ64jFkfjrujVsoSGIhiDMUZ3LEQ&export=download,
RG-93628-42444,577111873118573436,20/09/2025,paid_fulfillment_cost,68cdfaf67cd8e52db9209149,Comfort Color 1717 / SEAFOAM / M,SEAFOAM,https://drive.google.com/uc?id=1_02PLJ64jFkfjrujVsoSGIhiDMUZ3LEQ&export=download,
RG-93628-42444,577111873118573436,20/09/2025,paid_fulfillment_cost,68cdfaf67cd8e5558020914b,Comfort Color 1717 / SEAFOAM / XL,SEAFOAM,https://drive.google.com/uc?id=1_02PLJ64jFkfjrujVsoSGIhiDMUZ3LEQ&export=download,
RA-43323-34322,577111887606747166,20/09/2025,paid_fulfillment_cost,68cdfaf67cd8e5377b209166,Comfort Color 1717 / SEAFOAM / XL,SEAFOAM,https://drive.google.com/uc?id=1_02PLJ64jFkfjrujVsoSGIhiDMUZ3LEQ&export=download,
RG-65686-57237,577111896041034128,20/09/2025,paid_fulfillment_cost,68cdfaf68729ec7ff846262e,Comfort Color 1717 / MOSS / 2XL,MOSS,https://drive.google.com/uc?id=1_02PLJ64jFkfjrujVsoSGIhiDMUZ3LEQ&export=download,
RN-87274-73394,577111875520532568,20/09/2025,paid_fulfillment_cost,68cdfaf78729ec1164462648,Comfort Color 1717 / SEAFOAM / M,SEAFOAM,https://drive.google.com/uc?id=1_02PLJ64jFkfjrujVsoSGIhiDMUZ3LEQ&export=download,
RR-67929-63693,577111855380336673,20/09/2025,in production,68cdfb02c3bd7ab596fc1964,Comfort Color 1717 / SEAFOAM / L,SEAFOAM,https://drive.google.com/uc?id=1_02PLJ64jFkfjrujVsoSGIhiDMUZ3LEQ&export=download,
RX-97522-62266,577111843881914879,20/09/2025,paid_fulfillment_cost,68cdfb02c3bd7a99e1fc197e,Comfort Color 1717 / SEAFOAM / M,SEAFOAM,https://drive.google.com/uc?id=1_02PLJ64jFkfjrujVsoSGIhiDMUZ3LEQ&export=download,
RB-35769-83953,577111837629911882,20/09/2025,in production,68cdfb05c3bd7a63bafc19a6,Comfort Color 1717 / SEAFOAM / L,SEAFOAM,https://drive.google.com/uc?id=1_02PLJ64jFkfjrujVsoSGIhiDMUZ3LEQ&export=download,
RD-33997-34628,577111850367881516,20/09/2025,paid_fulfillment_cost,68cdfb127294487b53184fde,Comfort Color 1717 / SEAFOAM / S,SEAFOAM,https://drive.google.com/uc?id=1_02PLJ64jFkfjrujVsoSGIhiDMUZ3LEQ&export=download,
RE-49288-93343,577111810652541672,20/09/2025,in production,68cdfb12729448c340184ffc,Comfort Color 1717 / SEAFOAM / L,SEAFOAM,https://drive.google.com/uc?id=1_02PLJ64jFkfjrujVsoSGIhiDMUZ3LEQ&export=download,
RN-23744-39227,577111824786231313,20/09/2025,in production,68cdfb138729ec33ca4626a7,Comfort Color 1717 / SEAFOAM / L,SEAFOAM,https://drive.google.com/uc?id=1_02PLJ64jFkfjrujVsoSGIhiDMUZ3LEQ&export=download,
RQ-86832-92422,577111793950888011,20/09/2025,in production,68cdfb178729ec2d804626d2,Comfort Color 1717 / SEAFOAM / L,SEAFOAM,https://drive.google.com/uc?id=1_02PLJ64jFkfjrujVsoSGIhiDMUZ3LEQ&export=download,
RD-28548-79523,577111780852338988,20/09/2025,in production,68cdfb188729ec21da4626ee,Comfort Color 1717 / SEAFOAM / 2XL,SEAFOAM,https://drive.google.com/uc?id=1_02PLJ64jFkfjrujVsoSGIhiDMUZ3LEQ&export=download,
RB-63692-24864,577111857940435732,20/09/2025,in production,68cdfb197cd8e5ad352091e1,Comfort Color 1717 / SEAFOAM / L,SEAFOAM,https://drive.google.com/uc?id=1_02PLJ64jFkfjrujVsoSGIhiDMUZ3LEQ&export=download,
RB-33736-23979,577111824820507149,20/09/2025,in production,68cdfb197cd8e5d3952091fa,Comfort Color 1717 / SEAFOAM / L,SEAFOAM,https://drive.google.com/uc?id=1_02PLJ64jFkfjrujVsoSGIhiDMUZ3LEQ&export=download,
RM-24284-33245,577111876169601844,20/09/2025,paid_fulfillment_cost,68ce191bc3bd7a21c0fc5d5b,Comfort Color 1717 / SEAFOAM / 3XL,SEAFOAM,https://drive.google.com/uc?id=1_02PLJ64jFkfjrujVsoSGIhiDMUZ3LEQ&export=download,
RD-64823-95475,577111888457732777,20/09/2025,paid_fulfillment_cost,68ce19d6c3bd7a7bb9fc5e0c,Comfort Color 1717 / MOSS / 3XL,MOSS,https://drive.google.com/uc?id=1_02PLJ64jFkfjrujVsoSGIhiDMUZ3LEQ&export=download,
RX-38937-96666,577111925623853701,20/09/2025,paid_fulfillment_cost,68ce1a7d98340bab2ad256e7,Comfort Color 1717 / CRUNCHBERRY / L,CRUNCHBERRY,https://drive.google.com/uc?id=1_02PLJ64jFkfjrujVsoSGIhiDMUZ3LEQ&export=download,
RZ-56578-74292,577112000727519997,20/09/2025,paid_fulfillment_cost,68ce20e298340bf6c2d26b12,Comfort Color 1717 / BAY / L,BAY,https://drive.google.com/file/d/1k8kVzeraS0vFmJj4PL6DI_RNNHJBIRuH/view,
RD-46633-44566,577111997797339857,20/09/2025,in production,68ce20eb7cd8e5e4a320e66e,Comfort Color 1717 / SEAFOAM / L,SEAFOAM,https://drive.google.com/uc?id=1_02PLJ64jFkfjrujVsoSGIhiDMUZ3LEQ&export=download,
RW-62862-44723,577112002010452884,20/09/2025,paid_fulfillment_cost,68ce20f27cd8e500c820e688,Comfort Color 1717 / SEAFOAM / XL,SEAFOAM,https://drive.google.com/uc?id=1_02PLJ64jFkfjrujVsoSGIhiDMUZ3LEQ&export=download,
RD-78594-94738,577112005711664008,20/09/2025,in production,68ce20fe98340bd77dd26bc4,Comfort Color 1717 / SEAFOAM / L,SEAFOAM,https://drive.google.com/uc?id=1_02PLJ64jFkfjrujVsoSGIhiDMUZ3LEQ&export=download,
RE-42675-28926,577112004462088397,20/09/2025,in production,68ce211c72944849f718a5e1,Comfort Color 1717 / SEAFOAM / L,SEAFOAM,https://drive.google.com/uc?id=1_02PLJ64jFkfjrujVsoSGIhiDMUZ3LEQ&export=download,
RX-49983-72839,577112153039867976,20/09/2025,in production,68ce224c98340ba9cdd2707e,Comfort Color 1717 / SEAFOAM / 2XL,SEAFOAM,https://drive.google.com/uc?id=1_02PLJ64jFkfjrujVsoSGIhiDMUZ3LEQ&export=download,
RG-87993-86597,577112158486368332,20/09/2025,paid_fulfillment_cost,68ce224d98340b6594d27098,Comfort Color 1717 / SEAFOAM / M,SEAFOAM,https://drive.google.com/uc?id=1_02PLJ64jFkfjrujVsoSGIhiDMUZ3LEQ&export=download,
RA-42358-54927,577112164299018626,20/09/2025,paid_fulfillment_cost,68ce225298340b5810d270d6,Comfort Color 1717 / IVORY / L,IVORY,https://drive.google.com/uc?id=1_02PLJ64jFkfjrujVsoSGIhiDMUZ3LEQ&export=download,
RG-94662-96738,577112144858550872,20/09/2025,paid_fulfillment_cost,68ce2257729448b25318a94a,Comfort Color 1717 / SEAFOAM / XL,SEAFOAM,https://drive.google.com/uc?id=1_02PLJ64jFkfjrujVsoSGIhiDMUZ3LEQ&export=download,
RK-32398-25433,577112141771936588,20/09/2025,in production,68ce225e729448151218a979,Comfort Color 1717 / SEAFOAM / 2XL,SEAFOAM,https://drive.google.com/uc?id=1_02PLJ64jFkfjrujVsoSGIhiDMUZ3LEQ&export=download,
RA-96937-44983,577112107130982689,20/09/2025,in production,68ce225e7cd8e54a1220ea96,Comfort Color 1717 / SEAFOAM / L,SEAFOAM,https://drive.google.com/uc?id=1_02PLJ64jFkfjrujVsoSGIhiDMUZ3LEQ&export=download,
RP-85389-93698,577112132349825117,20/09/2025,paid_fulfillment_cost,68ce225f7cd8e5dc5d20eace,Comfort Color 1717 / SEAFOAM / M,SEAFOAM,https://drive.google.com/uc?id=1_02PLJ64jFkfjrujVsoSGIhiDMUZ3LEQ&export=download,
RP-64424-95693,577112107549102149,20/09/2025,paid_fulfillment_cost,68ce226098340b167ed27129,Comfort Color 1717 / SEAFOAM / S,SEAFOAM,https://drive.google.com/uc?id=1_02PLJ64jFkfjrujVsoSGIhiDMUZ3LEQ&export=download,
RJ-99245-88656,577112143031996846,20/09/2025,in production,68ce226598340b5bf8d27169,Comfort Color 1717 / SEAFOAM / 2XL,SEAFOAM,https://drive.google.com/uc?id=1_02PLJ64jFkfjrujVsoSGIhiDMUZ3LEQ&export=download,
RV-79965-53376,577112094476767377,20/09/2025,paid_fulfillment_cost,68ce226bc3bd7accc7fc72ad,Comfort Color 1717 / SEAFOAM / XL,SEAFOAM,https://drive.google.com/uc?id=1_02PLJ64jFkfjrujVsoSGIhiDMUZ3LEQ&export=download,
RK-67477-63647,577112093251965110,20/09/2025,paid_fulfillment_cost,68ce226c729448164218a9b0,Comfort Color 1717 / MOSS / L,MOSS,https://drive.google.com/uc?id=1_02PLJ64jFkfjrujVsoSGIhiDMUZ3LEQ&export=download,
RK-29645-22392,577112105197278004,20/09/2025,in production,68ce226fc3bd7a3b9efc72da,Comfort Color 1717 / SEAFOAM / 2XL,SEAFOAM,https://drive.google.com/uc?id=1_02PLJ64jFkfjrujVsoSGIhiDMUZ3LEQ&export=download,
RD-74672-23548,577112090621350825,20/09/2025,paid_fulfillment_cost,68ce227498340be7c0d271a2,Comfort Color 1717 / SEAFOAM / XL,SEAFOAM,https://drive.google.com/uc?id=1_02PLJ64jFkfjrujVsoSGIhiDMUZ3LEQ&export=download,
RB-35434-64242,577112055768191635,20/09/2025,in production,68ce227498340b4878d271bc,Comfort Color 1717 / SEAFOAM / L,SEAFOAM,https://drive.google.com/uc?id=1_02PLJ64jFkfjrujVsoSGIhiDMUZ3LEQ&export=download,
RX-37238-38299,577112156202505181,20/09/2025,in production,68ce2279729448ed5b18a9e9,Comfort Color 1717 / SEAFOAM / L,SEAFOAM,https://drive.google.com/uc?id=1_02PLJ64jFkfjrujVsoSGIhiDMUZ3LEQ&export=download,
RQ-39425-48832,577112065639617162,20/09/2025,in production,68ce227a98340b7be2d27200,Comfort Color 1717 / SEAFOAM / L,SEAFOAM,https://drive.google.com/uc?id=1_02PLJ64jFkfjrujVsoSGIhiDMUZ3LEQ&export=download,
RJ-97522-54545,577112095314711387,20/09/2025,in production,68ce227f729448666818aa1a,Comfort Color 1717 / SEAFOAM / L,SEAFOAM,https://drive.google.com/uc?id=1_02PLJ64jFkfjrujVsoSGIhiDMUZ3LEQ&export=download,
RB-27686-68635,577112101048259358,20/09/2025,in production,68ce22807cd8e57c6520eb39,Comfort Color 1717 / SEAFOAM / L,SEAFOAM,https://drive.google.com/uc?id=1_02PLJ64jFkfjrujVsoSGIhiDMUZ3LEQ&export=download,
RJ-37228-65853,577112127702929718,20/09/2025,paid_fulfillment_cost,68ce22807cd8e5b82220eb53,Comfort Color 1717 / SEAFOAM / M,SEAFOAM,https://drive.google.com/uc?id=1_02PLJ64jFkfjrujVsoSGIhiDMUZ3LEQ&export=download,
RB-85765-26778,577112101305684493,20/09/2025,paid_fulfillment_cost,68ce22817cd8e5975c20eb71,Comfort Color 1717 / SEAFOAM / XL,SEAFOAM,https://drive.google.com/uc?id=1_02PLJ64jFkfjrujVsoSGIhiDMUZ3LEQ&export=download,
RQ-28899-26797,577112056094429226,20/09/2025,paid_fulfillment_cost,68ce2287c3bd7a600ffc7323,Comfort Color 1717 / SEAFOAM / M,SEAFOAM,https://drive.google.com/uc?id=1_02PLJ64jFkfjrujVsoSGIhiDMUZ3LEQ&export=download,
RD-28796-76639,577112062094382005,20/09/2025,paid_fulfillment_cost,68ce228e98340b5b04d27241,Comfort Color 1717 / SEAFOAM / M,SEAFOAM,https://drive.google.com/uc?id=1_02PLJ64jFkfjrujVsoSGIhiDMUZ3LEQ&export=download,
RR-97778-57733,577112086167393007,20/09/2025,in production,68ce228e98340b7305d2725d,Comfort Color 1717 / SEAFOAM / L,SEAFOAM,https://drive.google.com/uc?id=1_02PLJ64jFkfjrujVsoSGIhiDMUZ3LEQ&export=download,
RV-58668-32665,577112073699430555,20/09/2025,paid_fulfillment_cost,68ce2290c3bd7a1773fc7358,Comfort Color 1717 / SEAFOAM / M,SEAFOAM,https://drive.google.com/uc?id=1_02PLJ64jFkfjrujVsoSGIhiDMUZ3LEQ&export=download,
RJ-58974-38373,577112050186228330,20/09/2025,paid_fulfillment_cost,68ce229498340b7a5fd272a1,Comfort Color 1717 / SEAFOAM / S,SEAFOAM,https://drive.google.com/uc?id=1_02PLJ64jFkfjrujVsoSGIhiDMUZ3LEQ&export=download,
RG-52494-77556,577112047643103447,20/09/2025,in production,68ce229e729448047718aa96,Comfort Color 1717 / SEAFOAM / L,SEAFOAM,https://drive.google.com/uc?id=1_02PLJ64jFkfjrujVsoSGIhiDMUZ3LEQ&export=download,
RY-98284-43974,577112069591175219,20/09/2025,in production,68ce22a2729448665d18aac6,Comfort Color 1717 / SEAFOAM / L,SEAFOAM,https://drive.google.com/uc?id=1_02PLJ64jFkfjrujVsoSGIhiDMUZ3LEQ&export=download,
RQ-59866-82575,577112056462741768,20/09/2025,paid_fulfillment_cost,68ce22a37cd8e5337b20ebe7,Comfort Color 1717 / SEAFOAM / XL,SEAFOAM,https://drive.google.com/uc?id=1_02PLJ64jFkfjrujVsoSGIhiDMUZ3LEQ&export=download,
RK-65937-56725,577112078161711852,20/09/2025,in production,68ce22a37cd8e5577920ec05,Comfort Color 1717 / SEAFOAM / L,SEAFOAM,https://drive.google.com/uc?id=1_02PLJ64jFkfjrujVsoSGIhiDMUZ3LEQ&export=download,
RK-65937-56725,577112078161711852,20/09/2025,in production,68ce22a37cd8e5391b20ec07,Comfort Color 1717 / SEAFOAM / 2XL,SEAFOAM,https://drive.google.com/uc?id=1_02PLJ64jFkfjrujVsoSGIhiDMUZ3LEQ&export=download,
RK-28523-43455,577112088598516662,20/09/2025,paid_fulfillment_cost,68ce22a37cd8e57cb220ec22,Comfort Color 1717 / SEAFOAM / XL,SEAFOAM,https://drive.google.com/uc?id=1_02PLJ64jFkfjrujVsoSGIhiDMUZ3LEQ&export=download,
RV-89654-94664,577112082718232874,20/09/2025,paid_fulfillment_cost,68ce22a698340b09d8d272de,Comfort Color 1717 / SEAFOAM / M,SEAFOAM,https://drive.google.com/uc?id=1_02PLJ64jFkfjrujVsoSGIhiDMUZ3LEQ&export=download,
RN-29849-47235,577112058112676400,20/09/2025,paid_fulfillment_cost,68ce22a998340b4efbd272fa,Comfort Color 1717 / SEAFOAM / M,SEAFOAM,https://drive.google.com/uc?id=1_02PLJ64jFkfjrujVsoSGIhiDMUZ3LEQ&export=download,
RM-89894-23782,577112026868978213,20/09/2025,in production,68ce22ab98340b5aaad27327,Comfort Color 1717 / SEAFOAM / L,SEAFOAM,https://drive.google.com/uc?id=1_02PLJ64jFkfjrujVsoSGIhiDMUZ3LEQ&export=download,
RV-89794-59675,577112047685636643,20/09/2025,paid_fulfillment_cost,68ce22ad7294481e9a18ab01,Comfort Color 1717 / SEAFOAM / M,SEAFOAM,https://drive.google.com/uc?id=1_02PLJ64jFkfjrujVsoSGIhiDMUZ3LEQ&export=download,
RD-98368-93779,577112067247084331,20/09/2025,paid_fulfillment_cost,68ce22adc3bd7a582ffc73d5,Comfort Color 1717 / BAY / 2XL,BAY,https://drive.google.com/file/d/1k8kVzeraS0vFmJj4PL6DI_RNNHJBIRuH/view,
RP-98924-55775,577112079677493673,20/09/2025,paid_fulfillment_cost,68ce22b1c3bd7a9d4ffc7406,Comfort Color 1717 / SEAFOAM / XL,SEAFOAM,https://drive.google.com/uc?id=1_02PLJ64jFkfjrujVsoSGIhiDMUZ3LEQ&export=download,
RP-98924-55775,577112079677493673,20/09/2025,paid_fulfillment_cost,68ce22b1c3bd7a3955fc7408,Comfort Color 1717 / SEAFOAM / 3XL,SEAFOAM,https://drive.google.com/uc?id=1_02PLJ64jFkfjrujVsoSGIhiDMUZ3LEQ&export=download,
RZ-98736-42878,577112055394046163,20/09/2025,in production,68ce22b5c3bd7a2317fc7436,Comfort Color 1717 / SEAFOAM / L,SEAFOAM,https://drive.google.com/uc?id=1_02PLJ64jFkfjrujVsoSGIhiDMUZ3LEQ&export=download,
RR-83589-72238,577112020826231635,20/09/2025,in production,68ce22bb729448664418ab46,Comfort Color 1717 / SEAFOAM / M,SEAFOAM,https://drive.google.com/uc?id=1_02PLJ64jFkfjrujVsoSGIhiDMUZ3LEQ&export=download,
RR-83589-72238,577112020826231635,20/09/2025,in production,68ce22bb7294485e3518ab48,Comfort Color 1717 / SEAFOAM / L,SEAFOAM,https://drive.google.com/uc?id=1_02PLJ64jFkfjrujVsoSGIhiDMUZ3LEQ&export=download,
RW-38974-32823,577112019785453800,20/09/2025,paid_fulfillment_cost,68ce22bd98340ba6d4d2737d,Comfort Color 1717 / SEAFOAM / M,SEAFOAM,https://drive.google.com/uc?id=1_02PLJ64jFkfjrujVsoSGIhiDMUZ3LEQ&export=download,
RR-67634-88255,577112015043989937,20/09/2025,in production,68ce22be98340be368d27397,Comfort Color 1717 / SEAFOAM / 2XL,SEAFOAM,https://drive.google.com/uc?id=1_02PLJ64jFkfjrujVsoSGIhiDMUZ3LEQ&export=download,
RV-45338-43859,577112034302661393,20/09/2025,paid_fulfillment_cost,68ce22c098340b6fbad273cd,Comfort Color 1717 / SEAFOAM / XL,SEAFOAM,https://drive.google.com/uc?id=1_02PLJ64jFkfjrujVsoSGIhiDMUZ3LEQ&export=download,
RM-82726-32966,577112034110837005,20/09/2025,paid_fulfillment_cost,68ce22c37cd8e53ea620ec9d,Comfort Color 1717 / SEAFOAM / XL,SEAFOAM,https://drive.google.com/uc?id=1_02PLJ64jFkfjrujVsoSGIhiDMUZ3LEQ&export=download,
RG-58557-99952,577112049281307419,20/09/2025,paid_fulfillment_cost,68ce22c4729448ec5918ab7a,Comfort Color 1717 / SEAFOAM / S,SEAFOAM,https://drive.google.com/uc?id=1_02PLJ64jFkfjrujVsoSGIhiDMUZ3LEQ&export=download,
RY-94794-88889,577112023524413444,20/09/2025,in production,68ce22c47cd8e556eb20eccb,Comfort Color 1717 / SEAFOAM / L,SEAFOAM,https://drive.google.com/uc?id=1_02PLJ64jFkfjrujVsoSGIhiDMUZ3LEQ&export=download,
RD-54267-57393,577111996331167756,20/09/2025,paid_fulfillment_cost,68ce22cb729448069b18aba7,Comfort Color 1717 / IVORY / S,IVORY,https://drive.google.com/uc?id=1_02PLJ64jFkfjrujVsoSGIhiDMUZ3LEQ&export=download,
RY-35392-27476,577112007939625587,20/09/2025,paid_fulfillment_cost,68ce22d1c3bd7adf57fc7489,Comfort Color 1717 / SEAFOAM / XL,SEAFOAM,https://drive.google.com/uc?id=1_02PLJ64jFkfjrujVsoSGIhiDMUZ3LEQ&export=download,
RW-37692-26952,577112023923265542,20/09/2025,paid_fulfillment_cost,68ce22d1c3bd7a60bdfc74a3,Comfort Color 1717 / SEAFOAM / S,SEAFOAM,https://drive.google.com/uc?id=1_02PLJ64jFkfjrujVsoSGIhiDMUZ3LEQ&export=download,
RW-72663-58629,577112011556622799,20/09/2025,paid_fulfillment_cost,68ce22d9c3bd7a7b76fc74f0,Comfort Color 1717 / SEAFOAM / XL,SEAFOAM,https://drive.google.com/uc?id=1_02PLJ64jFkfjrujVsoSGIhiDMUZ3LEQ&export=download,
RW-68666-97753,577112037172416724,20/09/2025,in production,68ce22dd729448d89318abf0,Comfort Color 1717 / SEAFOAM / L,SEAFOAM,https://drive.google.com/uc?id=1_02PLJ64jFkfjrujVsoSGIhiDMUZ3LEQ&export=download,
RE-39733-99636,577111946300133534,20/09/2025,paid_fulfillment_cost,68ce251798340b0845d27f59,Comfort Color 1717 / VIOLET / XL,VIOLET,https://drive.google.com/uc?id=1_02PLJ64jFkfjrujVsoSGIhiDMUZ3LEQ&export=download,
RN-65785-28276,577111958182728428,20/09/2025,paid_fulfillment_cost,68ce2560729448559718b39f,Comfort Color 1717 / SEAFOAM / 3XL,SEAFOAM,https://drive.google.com/uc?id=1_02PLJ64jFkfjrujVsoSGIhiDMUZ3LEQ&export=download,
RP-45237-68968,577112067646591418,20/09/2025,paid_fulfillment_cost,68ce2b3b7cd8e566e620fe94,Comfort Color 1717 / IVORY / XL,IVORY,https://drive.google.com/uc?id=1_02PLJ64jFkfjrujVsoSGIhiDMUZ3LEQ&export=download,
RD-97525-74576,577112164482454017,20/09/2025,in production,68ce3161c3bd7a015dfc8e7e,Comfort Color 1717 / SEAFOAM / XL,SEAFOAM,https://drive.google.com/uc?id=1_02PLJ64jFkfjrujVsoSGIhiDMUZ3LEQ&export=download,
RN-82838-62783,577112177646146338,20/09/2025,paid_fulfillment_cost,68ce31c698340b13cbd294b1,Comfort Color 1717 / SEAFOAM / 3XL,SEAFOAM,https://drive.google.com/uc?id=1_02PLJ64jFkfjrujVsoSGIhiDMUZ3LEQ&export=download,
RR-38978-89256,577112181440877535,20/09/2025,in production,68ce31e77cd8e57cb5210933,Comfort Color 1717 / SEAFOAM / L,SEAFOAM,https://drive.google.com/uc?id=1_02PLJ64jFkfjrujVsoSGIhiDMUZ3LEQ&export=download,
RP-96626-89726,577112185234428226,20/09/2025,in production,68ce325c98340b78ead295ec,Comfort Color 1717 / SEAFOAM / 2XL,SEAFOAM,https://drive.google.com/uc?id=1_02PLJ64jFkfjrujVsoSGIhiDMUZ3LEQ&export=download,
RW-97547-89744,577112188480557847,20/09/2025,in production,68ce32f67294484f3818c873,Comfort Color 1717 / SEAFOAM / L,SEAFOAM,https://drive.google.com/uc?id=1_02PLJ64jFkfjrujVsoSGIhiDMUZ3LEQ&export=download,
RB-67729-29967,577112183083143335,20/09/2025,paid_fulfillment_cost,68ce32fd98340b37b9d297bd,Comfort Color 1717 / SEAFOAM / M,SEAFOAM,https://drive.google.com/uc?id=1_02PLJ64jFkfjrujVsoSGIhiDMUZ3LEQ&export=download,
RN-86367-28997,577112250567529122,20/09/2025,paid_fulfillment_cost,68ce367b98340ba854d29de0,Comfort Color 1717 / SEAFOAM / S,SEAFOAM,https://drive.google.com/uc?id=1_02PLJ64jFkfjrujVsoSGIhiDMUZ3LEQ&export=download,
RQ-28867-28937,577112255959109633,20/09/2025,paid_fulfillment_cost,68ce36807cd8e506a0211143,Comfort Color 1717 / BAY / M,BAY,https://drive.google.com/file/d/1k8kVzeraS0vFmJj4PL6DI_RNNHJBIRuH/view,
RQ-28867-28937,577112255959109633,20/09/2025,paid_fulfillment_cost,68ce36807cd8e56642211145,Comfort Color 1717 / BAY / XL,BAY,https://drive.google.com/file/d/1k8kVzeraS0vFmJj4PL6DI_RNNHJBIRuH/view,
RB-93654-92246,577112203585360183,20/09/2025,in production,68ce3680729448e4d218ce35,Comfort Color 1717 / SEAFOAM / L,SEAFOAM,https://drive.google.com/uc?id=1_02PLJ64jFkfjrujVsoSGIhiDMUZ3LEQ&export=download,
RD-65825-77335,577112194847641886,20/09/2025,paid_fulfillment_cost,68ce3681c3bd7ad80afc9700,Comfort Color 1717 / SEAFOAM / M,SEAFOAM,https://drive.google.com/uc?id=1_02PLJ64jFkfjrujVsoSGIhiDMUZ3LEQ&export=download,
RM-63346-99369,577112242112533001,20/09/2025,paid_fulfillment_cost,68ce368b7cd8e5055f211162,Comfort Color 1717 / SEAFOAM / 3XL,SEAFOAM,https://drive.google.com/uc?id=1_02PLJ64jFkfjrujVsoSGIhiDMUZ3LEQ&export=download,
RV-22782-76436,577112124794442362,20/09/2025,in production,68ce37bac3bd7abb33fc98bc,Comfort Color 1717 / SEAFOAM / L,SEAFOAM,https://drive.google.com/uc?id=1_02PLJ64jFkfjrujVsoSGIhiDMUZ3LEQ&export=download,
RB-82395-36477,577112258289766737,20/09/2025,in production,68ce39dd729448e2e818d2d8,Comfort Color 1717 / SEAFOAM / XL,SEAFOAM,https://drive.google.com/uc?id=1_02PLJ64jFkfjrujVsoSGIhiDMUZ3LEQ&export=download,
RN-39442-34996,577112276868501707,20/09/2025,paid_fulfillment_cost,68ce3f8f7cd8e57782211cc7,Comfort Color 1717 / SEAFOAM / 3XL,SEAFOAM,https://drive.google.com/uc?id=1_02PLJ64jFkfjrujVsoSGIhiDMUZ3LEQ&export=download,
RE-57886-24649,577112286818046777,20/09/2025,in production,68ce4640729448c42218e03e,Comfort Color 1717 / SEAFOAM / M,SEAFOAM,https://drive.google.com/uc?id=1_02PLJ64jFkfjrujVsoSGIhiDMUZ3LEQ&export=download,
RE-57886-24649,577112286818046777,20/09/2025,in production,68ce46407294486c6318e040,Comfort Color 1717 / SEAFOAM / L,SEAFOAM,https://drive.google.com/uc?id=1_02PLJ64jFkfjrujVsoSGIhiDMUZ3LEQ&export=download,
RE-57886-24649,577112286818046777,20/09/2025,in production,68ce4640729448121818e042,Comfort Color 1717 / SEAFOAM / XL,SEAFOAM,https://drive.google.com/uc?id=1_02PLJ64jFkfjrujVsoSGIhiDMUZ3LEQ&export=download,
RM-23595-28798,577112306882744871,20/09/2025,paid_fulfillment_cost,68ce4748c3bd7a951ffcab57,Comfort Color 1717 / SEAFOAM / M,SEAFOAM,https://drive.google.com/uc?id=1_02PLJ64jFkfjrujVsoSGIhiDMUZ3LEQ&export=download,
RG-35622-98557,577112300652630838,20/09/2025,paid_fulfillment_cost,68ce480298340b1c7ad2b277,Comfort Color 1717 / SEAFOAM / XL,SEAFOAM,https://drive.google.com/uc?id=1_02PLJ64jFkfjrujVsoSGIhiDMUZ3LEQ&export=download,